dataset_id,dataset_name,country,basin,product,domain,migration,file_name,format,size_bytes,size_human,size_method,n_files,dims,sample_rate_ms,has_labels,label_type,label_format,label_source,ancillary,license,license_spdx,commercial_ok,redistribution_ok,attribution_required,share_alike,ml_training_ok,usage_basis,access,url,verified,ml_ready,notes
openfwi-flatvel-a,OpenFWI - FlatVel-A,SYNTHETIC,n/a (synthetic),shot gathers (synthetic),synthetic,unmigrated,data{1-48}.npy + model{1-48}.npy (train); data/model{49-60}.npy (val),npy,,43 GB,published,1,"seismic (5, 1000, 70); velocity (1, 70, 70)",1,yes,velocity model,"npy (model*.npy, paired 1:1 with data*.npy)","LANL forward-modelled ground truth (Deng et al., NeurIPS 2022 D&B)","24,000 train / 6,000 val samples; family Vel",CC BY-NC-SA 4.0 (DATA); code is BSD-3-Clause,CC-BY-NC-SA-4.0,no,yes,yes,yes,unclear,spdx,open-download,https://openfwi-lanl.github.io/docs/data.html,yes,2,"DATA licence CC BY-NC-SA 4.0 blocks commercial use; the github.com/lanl/OpenFWI CODE is BSD-3-Clause. Paired data*.npy (seismic) + model*.npy (velocity) files. Size is the portal's published figure, not Content-Length; per-file Google Drive IDs not enumerated. A = smaller velocity contrast (easier variant). Host: Google Drive"
openfwi-flatvel-b,OpenFWI - FlatVel-B,SYNTHETIC,n/a (synthetic),shot gathers (synthetic),synthetic,unmigrated,data{1-48}.npy + model{1-48}.npy (train); data/model{49-60}.npy (val),npy,,43 GB,published,1,"seismic (5, 1000, 70); velocity (1, 70, 70)",1,yes,velocity model,"npy (model*.npy, paired 1:1 with data*.npy)","LANL forward-modelled ground truth (Deng et al., NeurIPS 2022 D&B)","24,000 train / 6,000 val samples; family Vel",CC BY-NC-SA 4.0 (DATA); code is BSD-3-Clause,CC-BY-NC-SA-4.0,no,yes,yes,yes,unclear,spdx,open-download,https://openfwi-lanl.github.io/docs/data.html,yes,2,"DATA licence CC BY-NC-SA 4.0 blocks commercial use; the github.com/lanl/OpenFWI CODE is BSD-3-Clause. Paired data*.npy (seismic) + model*.npy (velocity) files. Size is the portal's published figure, not Content-Length; per-file Google Drive IDs not enumerated. B = larger velocity contrast (harder variant). Host: Google Drive"
openfwi-curvevel-a,OpenFWI - CurveVel-A,SYNTHETIC,n/a (synthetic),shot gathers (synthetic),synthetic,unmigrated,data{1-48}.npy + model{1-48}.npy (train); data/model{49-60}.npy (val),npy,,43 GB,published,1,"seismic (5, 1000, 70); velocity (1, 70, 70)",1,yes,velocity model,"npy (model*.npy, paired 1:1 with data*.npy)","LANL forward-modelled ground truth (Deng et al., NeurIPS 2022 D&B)","24,000 train / 6,000 val samples; family Vel",CC BY-NC-SA 4.0 (DATA); code is BSD-3-Clause,CC-BY-NC-SA-4.0,no,yes,yes,yes,unclear,spdx,open-download,https://openfwi-lanl.github.io/docs/data.html,yes,2,"DATA licence CC BY-NC-SA 4.0 blocks commercial use; the github.com/lanl/OpenFWI CODE is BSD-3-Clause. Paired data*.npy (seismic) + model*.npy (velocity) files. Size is the portal's published figure, not Content-Length; per-file Google Drive IDs not enumerated. A = smaller velocity contrast (easier variant). Host: Google Drive"
openfwi-curvevel-b,OpenFWI - CurveVel-B,SYNTHETIC,n/a (synthetic),shot gathers (synthetic),synthetic,unmigrated,data{1-48}.npy + model{1-48}.npy (train); data/model{49-60}.npy (val),npy,,43 GB,published,1,"seismic (5, 1000, 70); velocity (1, 70, 70)",1,yes,velocity model,"npy (model*.npy, paired 1:1 with data*.npy)","LANL forward-modelled ground truth (Deng et al., NeurIPS 2022 D&B)","24,000 train / 6,000 val samples; family Vel",CC BY-NC-SA 4.0 (DATA); code is BSD-3-Clause,CC-BY-NC-SA-4.0,no,yes,yes,yes,unclear,spdx,open-download,https://openfwi-lanl.github.io/docs/data.html,yes,2,"DATA licence CC BY-NC-SA 4.0 blocks commercial use; the github.com/lanl/OpenFWI CODE is BSD-3-Clause. Paired data*.npy (seismic) + model*.npy (velocity) files. Size is the portal's published figure, not Content-Length; per-file Google Drive IDs not enumerated. B = larger velocity contrast (harder variant). Host: Google Drive"
openfwi-flatfault-a,OpenFWI - FlatFault-A,SYNTHETIC,n/a (synthetic),shot gathers (synthetic),synthetic,unmigrated,data{1-96}.npy + model{1-96}.npy (train); data/model{97-108}.npy (val),npy,,77 GB,published,1,"seismic (5, 1000, 70); velocity (1, 70, 70)",1,yes,velocity model,"npy (model*.npy, paired 1:1 with data*.npy)","LANL forward-modelled ground truth (Deng et al., NeurIPS 2022 D&B)","48,000 train / 6,000 val samples; family Fault",CC BY-NC-SA 4.0 (DATA); code is BSD-3-Clause,CC-BY-NC-SA-4.0,no,yes,yes,yes,unclear,spdx,open-download,https://openfwi-lanl.github.io/docs/data.html,yes,2,"DATA licence CC BY-NC-SA 4.0 blocks commercial use; the github.com/lanl/OpenFWI CODE is BSD-3-Clause. Paired data*.npy (seismic) + model*.npy (velocity) files. Size is the portal's published figure, not Content-Length; per-file Google Drive IDs not enumerated. A = smaller velocity contrast (easier variant). Host: Google Drive"
openfwi-flatfault-b,OpenFWI - FlatFault-B,SYNTHETIC,n/a (synthetic),shot gathers (synthetic),synthetic,unmigrated,data{1-96}.npy + model{1-96}.npy (train); data/model{97-108}.npy (val),npy,,77 GB,published,1,"seismic (5, 1000, 70); velocity (1, 70, 70)",1,yes,velocity model,"npy (model*.npy, paired 1:1 with data*.npy)","LANL forward-modelled ground truth (Deng et al., NeurIPS 2022 D&B)","48,000 train / 6,000 val samples; family Fault",CC BY-NC-SA 4.0 (DATA); code is BSD-3-Clause,CC-BY-NC-SA-4.0,no,yes,yes,yes,unclear,spdx,open-download,https://openfwi-lanl.github.io/docs/data.html,yes,2,"DATA licence CC BY-NC-SA 4.0 blocks commercial use; the github.com/lanl/OpenFWI CODE is BSD-3-Clause. Paired data*.npy (seismic) + model*.npy (velocity) files. Size is the portal's published figure, not Content-Length; per-file Google Drive IDs not enumerated. B = larger velocity contrast (harder variant). Host: Google Drive"
openfwi-curvefault-a,OpenFWI - CurveFault-A,SYNTHETIC,n/a (synthetic),shot gathers (synthetic),synthetic,unmigrated,data{1-96}.npy + model{1-96}.npy (train); data/model{97-108}.npy (val),npy,,77 GB,published,1,"seismic (5, 1000, 70); velocity (1, 70, 70)",1,yes,velocity model,"npy (model*.npy, paired 1:1 with data*.npy)","LANL forward-modelled ground truth (Deng et al., NeurIPS 2022 D&B)","48,000 train / 6,000 val samples; family Fault",CC BY-NC-SA 4.0 (DATA); code is BSD-3-Clause,CC-BY-NC-SA-4.0,no,yes,yes,yes,unclear,spdx,open-download,https://openfwi-lanl.github.io/docs/data.html,yes,2,"DATA licence CC BY-NC-SA 4.0 blocks commercial use; the github.com/lanl/OpenFWI CODE is BSD-3-Clause. Paired data*.npy (seismic) + model*.npy (velocity) files. Size is the portal's published figure, not Content-Length; per-file Google Drive IDs not enumerated. A = smaller velocity contrast (easier variant). Host: Google Drive"
openfwi-curvefault-b,OpenFWI - CurveFault-B,SYNTHETIC,n/a (synthetic),shot gathers (synthetic),synthetic,unmigrated,data{1-96}.npy + model{1-96}.npy (train); data/model{97-108}.npy (val),npy,,77 GB,published,1,"seismic (5, 1000, 70); velocity (1, 70, 70)",1,yes,velocity model,"npy (model*.npy, paired 1:1 with data*.npy)","LANL forward-modelled ground truth (Deng et al., NeurIPS 2022 D&B)","48,000 train / 6,000 val samples; family Fault",CC BY-NC-SA 4.0 (DATA); code is BSD-3-Clause,CC-BY-NC-SA-4.0,no,yes,yes,yes,unclear,spdx,open-download,https://openfwi-lanl.github.io/docs/data.html,yes,2,"DATA licence CC BY-NC-SA 4.0 blocks commercial use; the github.com/lanl/OpenFWI CODE is BSD-3-Clause. Paired data*.npy (seismic) + model*.npy (velocity) files. Size is the portal's published figure, not Content-Length; per-file Google Drive IDs not enumerated. B = larger velocity contrast (harder variant). Host: Google Drive"
openfwi-style-a,OpenFWI - Style-A,SYNTHETIC,n/a (synthetic),shot gathers (synthetic),synthetic,unmigrated,data{1-120}.npy + model{1-120}.npy (train); data/model{121-134}.npy (val),npy,,95 GB,published,1,"seismic (5, 1000, 70); velocity (1, 70, 70)",1,yes,velocity model,"npy (model*.npy, paired 1:1 with data*.npy)","LANL forward-modelled ground truth (Deng et al., NeurIPS 2022 D&B)","60,000 train / 7,000 val samples; family Style",CC BY-NC-SA 4.0 (DATA); code is BSD-3-Clause,CC-BY-NC-SA-4.0,no,yes,yes,yes,unclear,spdx,open-download,https://openfwi-lanl.github.io/docs/data.html,yes,2,"DATA licence CC BY-NC-SA 4.0 blocks commercial use; the github.com/lanl/OpenFWI CODE is BSD-3-Clause. Paired data*.npy (seismic) + model*.npy (velocity) files. Size is the portal's published figure, not Content-Length; per-file Google Drive IDs not enumerated. A = smaller velocity contrast (easier variant). Host: Google Drive"
openfwi-style-b,OpenFWI - Style-B,SYNTHETIC,n/a (synthetic),shot gathers (synthetic),synthetic,unmigrated,data{1-120}.npy + model{1-120}.npy (train); data/model{121-134}.npy (val),npy,,95 GB,published,1,"seismic (5, 1000, 70); velocity (1, 70, 70)",1,yes,velocity model,"npy (model*.npy, paired 1:1 with data*.npy)","LANL forward-modelled ground truth (Deng et al., NeurIPS 2022 D&B)","60,000 train / 7,000 val samples; family Style",CC BY-NC-SA 4.0 (DATA); code is BSD-3-Clause,CC-BY-NC-SA-4.0,no,yes,yes,yes,unclear,spdx,open-download,https://openfwi-lanl.github.io/docs/data.html,yes,2,"DATA licence CC BY-NC-SA 4.0 blocks commercial use; the github.com/lanl/OpenFWI CODE is BSD-3-Clause. Paired data*.npy (seismic) + model*.npy (velocity) files. Size is the portal's published figure, not Content-Length; per-file Google Drive IDs not enumerated. B = larger velocity contrast (harder variant). Host: Google Drive"
openfwi-kimberlina-co2,OpenFWI - Kimberlina-CO2,SYNTHETIC,n/a (synthetic),shot gathers (synthetic),synthetic,unmigrated,data/model npy,npy,,96 GB,published,1,"seismic (9, 1251, 101); velocity (1, 401, 141)",1,yes,velocity model,"npy (model*.npy, paired 1:1 with data*.npy)","LANL forward-modelled ground truth (Deng et al., NeurIPS 2022 D&B)","15,000 train / 4,430 val samples; family Kimberlina",CC BY-NC-SA 4.0 (DATA); code is BSD-3-Clause,CC-BY-NC-SA-4.0,no,yes,yes,yes,unclear,spdx,open-download,https://openfwi-lanl.github.io/docs/data.html,yes,2,"DATA licence CC BY-NC-SA 4.0 blocks commercial use; the github.com/lanl/OpenFWI CODE is BSD-3-Clause. Paired data*.npy (seismic) + model*.npy (velocity) files. Size is the portal's published figure, not Content-Length; per-file Google Drive IDs not enumerated. Derived from the NRAP Kimberlina CCS simulations; the CO2-storage-relevant subset. Host: NETL (US DOE National Energy Technology Laboratory)"
openfwi-kimberlina-v1-3d,OpenFWI - Kimberlina-V1 (3D),SYNTHETIC,n/a (synthetic),shot gathers (synthetic),synthetic,unmigrated,data/model npy,npy,,1.4 TB,published,1,"seismic (25, 5001, 40, 40); velocity (1, 350, 400, 400)",1,yes,velocity model,"npy (model*.npy, paired 1:1 with data*.npy)","LANL forward-modelled ground truth (Deng et al., NeurIPS 2022 D&B)","1,664 train / 163 val samples; family Kimberlina",CC BY-NC-SA 4.0 (DATA); code is BSD-3-Clause,CC-BY-NC-SA-4.0,no,yes,yes,yes,unclear,spdx,open-download,https://openfwi-lanl.github.io/docs/data.html,yes,2,"DATA licence CC BY-NC-SA 4.0 blocks commercial use; the github.com/lanl/OpenFWI CODE is BSD-3-Clause. Paired data*.npy (seismic) + model*.npy (velocity) files. Size is the portal's published figure, not Content-Length; per-file Google Drive IDs not enumerated. The only 3D family; dominates the suite total (~2.2 TB with 3D vs ~793 GB without). Host: NETL (US DOE National Energy Technology Laboratory)"
cig-clinothem-massive,"CIG Massive-scale clinothem datasets (4,000 labeled synthetic + 3,000 unlabeled field)",MULTI,n/a (synthetic),attribute volume,synthetic,n/a,"rawdata3D.zip (37,930,199,040 B); Labeled_Synthetic_Datasets.zip (31,420,547,648 B); Unlabeled_Field_Datasets.zip (11,689,686,525 B)",ZIP,81040433213,81.04 GB,api,3,,,yes,RGT,volumes inside Labeled_Synthetic_Datasets.zip,"Xinming Wu / CIG, USTC - forward-modelled ground truth",,CC BY 4.0,CC-BY-4.0,yes,yes,yes,no,yes,spdx,open-download,https://zenodo.org/records/20769762,yes,5,"DOI 10.5281/zenodo.20769762. CIG (Computational Interpretation Group, USTC / Xinming Wu). Enumerated via Zenodo API q=creators.name:""Wu, Xinming"" - a bare 'seismic' query misses this collection entirely. Byte-exact from hits.hits[].files[].size. Largest record in the collection. Global shelf-edge-scale clinothems for relative-geologic-time estimation. Published 2026-06-20. Mixes labeled synthetic and unlabeled field data."
cig-cigck,cigCK - 3D synthetic volumes with labeled channels AND karsts,SYNTHETIC,n/a (synthetic),attribute volume,synthetic,n/a,"gx.zip.001-005 (8,546,942,976 B each) + lx.zip (136,005,115 B)",ZIP (split archive),42870719995,42.87 GB,api,6,,,yes,channel; karst,label volumes in lx.zip,"Xinming Wu / CIG, USTC - forward-modelled ground truth",,CC BY 4.0,CC-BY-4.0,yes,yes,yes,no,yes,spdx,open-download,https://zenodo.org/records/12806267,yes,5,"DOI 10.5281/zenodo.12806267. CIG (Computational Interpretation Group, USTC / Xinming Wu). Enumerated via Zenodo API q=creators.name:""Wu, Xinming"" - a bare 'seismic' query misses this collection entirely. Byte-exact from hits.hits[].files[].size. Simultaneous channel + karst interpretation. Split archive - all 5 gx parts required before unzip. Top pick for commercially usable labeled 3D synthetics."
cig-rgt-horizons-faults,CIG Deep learning for simultaneously interpreting 3D horizons and faults via RGT,SYNTHETIC,n/a (synthetic),attribute volume,synthetic,n/a,"seis.zip* + rgt.zip* split parts, 536,870,912 B each (53 files)",ZIP (split archive),27968005525,27.97 GB,api,53,,,yes,RGT; fault; horizon,rgt.zip* volumes + fault volumes,"Xinming Wu / CIG, USTC - forward-modelled ground truth",,CC BY 4.0,CC-BY-4.0,yes,yes,yes,no,yes,spdx,open-download,https://zenodo.org/records/4627924,yes,5,"DOI 10.5281/zenodo.4627924. CIG (Computational Interpretation Group, USTC / Xinming Wu). Enumerated via Zenodo API q=creators.name:""Wu, Xinming"" - a bare 'seismic' query misses this collection entirely. Byte-exact from hits.hits[].files[].size. 400 pairs of 3D seismic + label volumes. Published 2021-02-11."
cig-lfd,CIG LFD - Latent-Compression-Free Generative Diffusion with Geological Priors,SYNTHETIC,n/a (synthetic),attribute volume,synthetic,n/a,"LFD.zip (24,629,832,431 B); A_flower_horiz.npz (2,097,658 B); README.md (5,186 B)",ZIP; npz,24631935275,24.63 GB,api,3,,,partial,structural model,npz,"Xinming Wu / CIG, USTC - forward-modelled ground truth",,MIT,MIT,yes,yes,yes,no,yes,spdx,open-download,https://zenodo.org/records/20508635,yes,4,"DOI 10.5281/zenodo.20508635. CIG (Computational Interpretation Group, USTC / Xinming Wu). Enumerated via Zenodo API q=creators.name:""Wu, Xinming"" - a bare 'seismic' query misses this collection entirely. Byte-exact from hits.hits[].files[].size. Implicit structural modelling by diffusion. Code at github.com/ProgrammerZXG/LFD. MIT licence - fully commercial-friendly."
cig-gas-bearing,CIG Self-supervised pre-training + few-shot finetuning for gas-bearing prediction,MULTI,n/a (synthetic),attribute volume,synthetic,n/a,gas-detection.7z,7z,19715809052,19.72 GB,api,1,,,partial,gas-bearing (DHI),inside 7z,"Xinming Wu / CIG, USTC - forward-modelled ground truth",,CC BY 4.0,CC-BY-4.0,yes,yes,yes,no,yes,spdx,open-download,https://zenodo.org/records/15301338,yes,4,"DOI 10.5281/zenodo.15301338. CIG (Computational Interpretation Group, USTC / Xinming Wu). Enumerated via Zenodo API q=creators.name:""Wu, Xinming"" - a bare 'seismic' query misses this collection entirely. Byte-exact from hits.hits[].files[].size. Field + synthetic mix for direct-hydrocarbon-indicator prediction. Published 2025-04."
cig-cigchannel,cigChannel - large-scale 3D synthetic seismic with labeled paleochannels,SYNTHETIC,n/a (synthetic),attribute volume,synthetic,n/a,"Assorted_Channel_Seismic_300-349.zip (3,120,667,627 B); _350-399.zip (3,119,762,066 B); Assorted_Channel_Ip_300-349.zip (2,850,537,263 B); _350-399.zip (2,853,871,091 B); Assorted_Channel_Label_300-349.zip (14,149,642 B); _350-399.zip (14,523,123 B)",ZIP,11973510812,11.97 GB,api,6,,,yes,channel,Assorted_Channel_Label_*.zip,"Xinming Wu / CIG, USTC - forward-modelled ground truth",,CC BY 4.0,CC-BY-4.0,yes,yes,yes,no,yes,spdx,open-download,https://zenodo.org/records/15500696,yes,5,"DOI 10.5281/zenodo.15500696. CIG (Computational Interpretation Group, USTC / Xinming Wu). Enumerated via Zenodo API q=creators.name:""Wu, Xinming"" - a bare 'seismic' query misses this collection entirely. Byte-exact from hits.hits[].files[].size. 400 samples incl. folded and faulted structures. Ships impedance (Ip) volumes alongside seismic and labels. Second-best value pick after cigCK."
cig-clinoformnet,ClinoformNet-1.0 - synthetic + field clinoform delineation,SYNTHETIC,n/a (synthetic),attribute volume,synthetic,n/a,"Training_datasets-smallscale.zip (4,672,120,257 B); Training_datasets-largescale.zip (4,167,026,507 B); Field_dataset.zip (2,187,177,444 B)",ZIP,11026324208,11.03 GB,api,3,,,yes,clinoform,labels inside training zips,"Xinming Wu / CIG, USTC - forward-modelled ground truth",,CC BY 4.0,CC-BY-4.0,yes,yes,yes,no,yes,spdx,open-download,https://zenodo.org/records/7122471,yes,5,"DOI 10.5281/zenodo.7122471. CIG (Computational Interpretation Group, USTC / Xinming Wu). Enumerated via Zenodo API q=creators.name:""Wu, Xinming"" - a bare 'seismic' query misses this collection entirely. Byte-exact from hits.hits[].files[].size. Built by stratigraphic forward modelling. Code at zenodo.org/records/7123934. Published 2022-09-29."
cig-rgt-pretrain-align,"CIG Pretrain-to-alignment RGT baselines (3,000 field datasets)",MULTI,n/a (synthetic),attribute volume,synthetic,n/a,"Field2d_final_baseline.zip (5,535,857,466 B); Field2d_predictions_step1.zip (2,635,422,329 B); Field2d_predictions_step2.zip (2,630,229,926 B)",ZIP,10801509721,10.80 GB,api,3,,,yes,RGT,prediction volumes,"Xinming Wu / CIG, USTC - forward-modelled ground truth",,CC BY 4.0,CC-BY-4.0,yes,yes,yes,no,yes,spdx,open-download,https://zenodo.org/records/18910332,yes,4,"DOI 10.5281/zenodo.18910332. CIG (Computational Interpretation Group, USTC / Xinming Wu). Enumerated via Zenodo API q=creators.name:""Wu, Xinming"" - a bare 'seismic' query misses this collection entirely. Byte-exact from hits.hits[].files[].size. Field-data RGT baselines (predictions, not hand-picked ground truth). Published 2026-03-15."
cig-cigkast,cigKast - 3D synthetic volumes with labeled paleokarsts,SYNTHETIC,n/a (synthetic),attribute volume,synthetic,n/a,"seismic.zip (7,496,187,892 B); karst.zip (26,361,067 B); checkpoint.50.hdf5 (282,529,584 B)",ZIP; HDF5,7805078543,7.81 GB,api,3,,,yes,karst,karst.zip (binary label volumes),"Xinming Wu / CIG, USTC - forward-modelled ground truth",,CC BY 4.0,CC-BY-4.0,yes,yes,yes,no,yes,spdx,open-download,https://zenodo.org/records/4285733,yes,5,"DOI 10.5281/zenodo.4285733. CIG (Computational Interpretation Group, USTC / Xinming Wu). Enumerated via Zenodo API q=creators.name:""Wu, Xinming"" - a bare 'seismic' query misses this collection entirely. Byte-exact from hits.hits[].files[].size. 120 pairs of seismic + label volumes. Ships a pretrained Keras checkpoint. Published 2020-11-23."
cig-cigck-extended,cigCK (Extended dataset),SYNTHETIC,n/a (synthetic),attribute volume,synthetic,n/a,gx.zip.006,ZIP (split archive part),7265313700,7.27 GB,api,1,,,yes,channel; karst,see parent cigCK record,"Xinming Wu / CIG, USTC - forward-modelled ground truth",,CC BY 4.0,CC-BY-4.0,yes,yes,yes,no,yes,spdx,open-download,https://zenodo.org/records/17104253,yes,4,"DOI 10.5281/zenodo.17104253. CIG (Computational Interpretation Group, USTC / Xinming Wu). Enumerated via Zenodo API q=creators.name:""Wu, Xinming"" - a bare 'seismic' query misses this collection entirely. Byte-exact from hits.hits[].files[].size. Sixth split part extending cigCK (record 12806267). Useless on its own - download alongside the parent record. Published 2025-09-12."
cig-apriori-constraints,CIG Sensing a priori constraints in DNNs for solving geophysical problems,SYNTHETIC,n/a (synthetic),attribute volume,synthetic,n/a,"Fig3_seismicAndFaults.zip (7,191,867,716 B); Fig8_featureMaps.zip (41,282,447 B); Fig7_das_608X320.dat (778,240 B); + 5 small .dat/.zip",ZIP; dat,7234566309,7.23 GB,api,8,,,yes,fault; horizon,packed in figure zips,"Xinming Wu / CIG, USTC - forward-modelled ground truth",,CC BY 4.0,CC-BY-4.0,yes,yes,yes,no,yes,spdx,open-download,https://zenodo.org/records/7326606,yes,4,"DOI 10.5281/zenodo.7326606. CIG (Computational Interpretation Group, USTC / Xinming Wu). Enumerated via Zenodo API q=creators.name:""Wu, Xinming"" - a bare 'seismic' query misses this collection entirely. Byte-exact from hits.hits[].files[].size. Paper-reproduction bundle organised by figure, not a clean train/val split. Published 2022-11-16."
cig-implicit-structural-3d,CIG 3D Implicit Structural Modeling (training + validation),SYNTHETIC,n/a (synthetic),attribute volume,synthetic,n/a,"syn_train_valid_dataset00-04 (1,073,741,824 B each) + dataset05 (309,460,647 B)",raw split files,5678169767,5.68 GB,api,6,,,yes,structural model,packed in dataset shards,"Xinming Wu / CIG, USTC - forward-modelled ground truth",,CC BY 4.0,CC-BY-4.0,yes,yes,yes,no,yes,spdx,open-download,https://zenodo.org/records/6480165,yes,4,"DOI 10.5281/zenodo.6480165. CIG (Computational Interpretation Group, USTC / Xinming Wu). Enumerated via Zenodo API q=creators.name:""Wu, Xinming"" - a bare 'seismic' query misses this collection entirely. Byte-exact from hits.hits[].files[].size. Implicit structural modelling via CNN. Concatenate the 6 shards. Published 2022-04-23."
cig-cigrocksem,cigRockSEM - rock microstructure in SEM images,SYNTHETIC,n/a (synthetic),attribute volume,synthetic,n/a,data.zip,ZIP,4647873371,4.65 GB,api,1,,,yes,rock microstructure,masks inside data.zip,"Xinming Wu / CIG, USTC - forward-modelled ground truth",,CC BY 4.0,CC-BY-4.0,yes,yes,yes,no,yes,spdx,open-download,https://zenodo.org/records/14988631,yes,4,"DOI 10.5281/zenodo.14988631. CIG (Computational Interpretation Group, USTC / Xinming Wu). Enumerated via Zenodo API q=creators.name:""Wu, Xinming"" - a bare 'seismic' query misses this collection entirely. Byte-exact from hits.hits[].files[].size. NOT seismic - SEM imagery of mudstone/sandstone/shale. Included for completeness of the CIG collection. Published 2025-03-07."
cig-objective-programmable-ism,CIG Objective-programmable implicit structural modeling,SYNTHETIC,n/a (synthetic),attribute volume,synthetic,n/a,"rgtsss20000.dat, fx.dat, sx.dat (1,054,468,800 B each); rgt20000_normals_faultUnc_segs_hors_t.dat (262,080,000 B); + 6 smaller .dat",dat (raw binary),4050343632,4.05 GB,api,10,,,yes,RGT; horizon; fault,rgt*.dat volumes,"Xinming Wu / CIG, USTC - forward-modelled ground truth",,CC BY 4.0,CC-BY-4.0,yes,yes,yes,no,yes,spdx,open-download,https://zenodo.org/records/18728073,yes,4,"DOI 10.5281/zenodo.18728073. CIG (Computational Interpretation Group, USTC / Xinming Wu). Enumerated via Zenodo API q=creators.name:""Wu, Xinming"" - a bare 'seismic' query misses this collection entirely. Byte-exact from hits.hits[].files[].size. Raw .dat binaries - no header, dimensions must come from the paper. Published 2026-02-22."
cig-crossdomain-fm-data,CIG Cross-Domain Foundation Model Adaptation - data,SYNTHETIC,n/a (synthetic),attribute volume,synthetic,n/a,dataset.zip,ZIP,2790394037,2.79 GB,api,1,,,partial,mixed,inside dataset.zip,"Xinming Wu / CIG, USTC - forward-modelled ground truth",,CC BY 4.0,CC-BY-4.0,yes,yes,yes,no,yes,spdx,open-download,https://zenodo.org/records/12798750,yes,4,"DOI 10.5281/zenodo.12798750. CIG (Computational Interpretation Group, USTC / Xinming Wu). Enumerated via Zenodo API q=creators.name:""Wu, Xinming"" - a bare 'seismic' query misses this collection entirely. Byte-exact from hits.hits[].files[].size. arXiv:2408.12396. Code at zenodo.org/records/14927852 (MIT). See also the porestar/* HuggingFace republications. Published 2024-07-23."
cig-ism-diffusion,CIG Implicit Structural Modeling via Generative Diffusion Framework,SYNTHETIC,n/a (synthetic),attribute volume,synthetic,n/a,RGTSYN.7z,7z,2369706902,2.37 GB,api,1,,,yes,RGT,RGTSYN.7z,"Xinming Wu / CIG, USTC - forward-modelled ground truth",,CC BY 4.0,CC-BY-4.0,yes,yes,yes,no,yes,spdx,open-download,https://zenodo.org/records/18447817,yes,4,"DOI 10.5281/zenodo.18447817. CIG (Computational Interpretation Group, USTC / Xinming Wu). Enumerated via Zenodo API q=creators.name:""Wu, Xinming"" - a bare 'seismic' query misses this collection entirely. Byte-exact from hits.hits[].files[].size. Synthetic RGT volumes for diffusion-based structural modelling. Published 2026-01-27."
cig-geoinformed-training-sets,CIG Geologically-informed + data-driven labeled synthetic training sets,SYNTHETIC,n/a (synthetic),attribute volume,synthetic,n/a,huig25rgt_datasets.zip,ZIP,2199788078,2.20 GB,api,1,,,yes,RGT; stratigraphy,inside huig25rgt_datasets.zip,"Xinming Wu / CIG, USTC - forward-modelled ground truth",,CC BY 4.0,CC-BY-4.0,yes,yes,yes,no,yes,spdx,open-download,https://zenodo.org/records/14678398,yes,5,"DOI 10.5281/zenodo.14678398. CIG (Computational Interpretation Group, USTC / Xinming Wu). Enumerated via Zenodo API q=creators.name:""Wu, Xinming"" - a bare 'seismic' query misses this collection entirely. Byte-exact from hits.hits[].files[].size. Training data for a full seismic stratigraphic interpretation workflow. Code at zenodo.org/records/14835207 (MIT). Published 2025-01-18."
cig-memeff-fullvolume,CIG Memory-Efficient Full-Volume Inference for Large-Scale 3D Dense Prediction,SYNTHETIC,n/a (synthetic),attribute volume,synthetic,n/a,zenodo.zip,ZIP,1058922925,1.06 GB,api,1,,,partial,structural model,inside zenodo.zip,"Xinming Wu / CIG, USTC - forward-modelled ground truth",,MIT,MIT,yes,yes,yes,no,yes,spdx,open-download,https://zenodo.org/records/17810071,yes,4,"DOI 10.5281/zenodo.17810071. CIG (Computational Interpretation Group, USTC / Xinming Wu). Enumerated via Zenodo API q=creators.name:""Wu, Xinming"" - a bare 'seismic' query misses this collection entirely. Byte-exact from hits.hits[].files[].size. Method/inference paper bundle rather than a standalone training corpus. Published 2025-12-04."
cig-foundation-prompt-engine,CIG Foundation model with multi-modal prompt engine for universal seismic geobody interpretation,SYNTHETIC,n/a (synthetic),attribute volume,synthetic,n/a,"Channel.zip (585,923,192 B); SaltBody.zip (255,287,664 B); Karst.zip (173,213,981 B)",ZIP,1014424837,1.01 GB,api,3,,,yes,channel; karst; salt,label volumes inside each zip,"Xinming Wu / CIG, USTC - forward-modelled ground truth",,CC BY 4.0,CC-BY-4.0,yes,yes,yes,no,yes,spdx,open-download,https://zenodo.org/records/13892216,yes,5,"DOI 10.5281/zenodo.13892216. CIG (Computational Interpretation Group, USTC / Xinming Wu). Enumerated via Zenodo API q=creators.name:""Wu, Xinming"" - a bare 'seismic' query misses this collection entirely. Byte-exact from hits.hits[].files[].size. Three geobody classes as separate zips - small, clean and directly trainable. Published 2024-10-05."
cig-clinoformnet-code,huigcig/ClinoformNet source code (v1.0.0),SYNTHETIC,n/a (synthetic),report,synthetic,n/a,huigcig/ClinoformNet-v1.0.0.zip,ZIP,71992879,71.99 MB,api,1,,,no,,,"Xinming Wu / CIG, USTC - forward-modelled ground truth",,Other (open),,unclear,unclear,unclear,unclear,unclear,unstated,open-download,https://zenodo.org/records/7123934,yes,3,"DOI 10.5281/zenodo.7123934. CIG (Computational Interpretation Group, USTC / Xinming Wu). Enumerated via Zenodo API q=creators.name:""Wu, Xinming"" - a bare 'seismic' query misses this collection entirely. Byte-exact from hits.hits[].files[].size. Code only, not data. Zenodo licence id 'other-open' - inspect the repo LICENSE before commercial reuse. Published 2022-09-29."
cig-geoinformed-workflow-code,huigcig/The-Geologically-informed-AI-workflow source code (v1.0.0),SYNTHETIC,n/a (synthetic),report,synthetic,n/a,huigcig/The-Geologically-informed-AI-workflow-V1.0.0.zip,ZIP,69943561,69.94 MB,api,1,,,no,,,"Xinming Wu / CIG, USTC - forward-modelled ground truth",,MIT,MIT,yes,yes,yes,no,yes,spdx,open-download,https://zenodo.org/records/14835207,yes,3,"DOI 10.5281/zenodo.14835207. CIG (Computational Interpretation Group, USTC / Xinming Wu). Enumerated via Zenodo API q=creators.name:""Wu, Xinming"" - a bare 'seismic' query misses this collection entirely. Byte-exact from hits.hits[].files[].size. Code only, not data. Pairs with the training sets at zenodo.org/records/14678398. Published 2025-02-08."
cig-cigfacies,cigFacies - knowledge-graph-guided seismic facies benchmark,SYNTHETIC,n/a (synthetic),facies labels,synthetic,n/a,The_benchmark_skeletonization_datasets.zip,ZIP,13350907,13.35 MB,api,1,,,yes,facies,skeletonization benchmark,"Xinming Wu / CIG, USTC - forward-modelled ground truth",,CC BY 4.0,CC-BY-4.0,yes,yes,yes,no,yes,spdx,open-download,https://zenodo.org/records/10777460,yes,3,"DOI 10.5281/zenodo.10777460. CIG (Computational Interpretation Group, USTC / Xinming Wu). Enumerated via Zenodo API q=creators.name:""Wu, Xinming"" - a bare 'seismic' query misses this collection entirely. Byte-exact from hits.hits[].files[].size. Only the skeletonization seed benchmark is shipped (13.4 MB); the headline massive-scale facies corpus is GENERATED from it locally, not downloaded. Network weights at zenodo.org/records/13150879. Published 2024-03-04."
cig-crossdomain-fm-code,CIG Cross-Domain Foundation Model Adaptation - code,SYNTHETIC,n/a (synthetic),report,synthetic,n/a,Cross-Domain-Foundation-Model-Adaptation-main.zip,ZIP,67297,67.30 kB,api,1,,,no,,,"Xinming Wu / CIG, USTC - forward-modelled ground truth",,MIT,MIT,yes,yes,yes,no,yes,spdx,open-download,https://zenodo.org/records/14927852,yes,3,"DOI 10.5281/zenodo.14927852. CIG (Computational Interpretation Group, USTC / Xinming Wu). Enumerated via Zenodo API q=creators.name:""Wu, Xinming"" - a bare 'seismic' query misses this collection entirely. Byte-exact from hits.hits[].files[].size. Code only, not data. Pairs with the data record at zenodo.org/records/12798750. Published 2025-02-26."
bp-2004-velocity,BP 2004 Velocity Estimation Benchmark,SYNTHETIC,"n/a (synthetic, GOM/W-Africa-like)",velocity model,synthetic,depth,vel_z6.25m_x12.5m_exact.segy.gz,SEG-Y (gzip),19533256,19.53 MB,HEAD,1,"dz 6.25 m, dx 12.5 m",,yes,velocity model,SEG-Y (the model IS the label),BP Exploration Operating Company Ltd,paired shot gathers and density model are separate rows,Open for research use (BP release),,unclear,unclear,unclear,unclear,unclear,unstated,open-download,https://s3.amazonaws.com/open.source.geoscience/open_data/bpvelanal2004/vel_z6.25m_x12.5m_exact.segy.gz,yes,4,"The exact (true) velocity model - the FWI/RTM ground truth. Bucket listing is DENIED (?list-type=2 -> AccessDenied; bare dir paths -> 403), so the exact case-sensitive object key IS the deliverable. A 403 is returned for both a wrong key and a missing permission, so probing for other keys is useless."
bp-2004-velocity,BP 2004 Velocity Estimation Benchmark,SYNTHETIC,n/a (synthetic),attribute volume,synthetic,depth,density_z6.25m_x12.5m.segy.gz,SEG-Y (gzip),24811979,24.81 MB,HEAD,1,"dz 6.25 m, dx 12.5 m",,yes,density model,SEG-Y,BP Exploration Operating Company Ltd,,Open for research use (BP release),,unclear,unclear,unclear,unclear,unclear,unstated,open-download,https://s3.amazonaws.com/open.source.geoscience/open_data/bpvelanal2004/density_z6.25m_x12.5m.segy.gz,yes,4,"Companion density model, NOT listed in most write-ups of this benchmark - found by direct HEAD. Bucket listing is DENIED (?list-type=2 -> AccessDenied; bare dir paths -> 403), so the exact case-sensitive object key IS the deliverable. A 403 is returned for both a wrong key and a missing permission, so probing for other keys is useless."
bp-2004-velocity,BP 2004 Velocity Estimation Benchmark,SYNTHETIC,n/a (synthetic),pre-stack gather (shot),synthetic,unmigrated,shots0001_0200.segy.gz; shots0201_0400.segy.gz; shots0401_0600.segy.gz; shots0601_0800.segy.gz; shots0801_1000.segy.gz; shots1001_1200.segy.gz; shots1201_1348.segy.gz,SEG-Y (gzip),8056414413,8.06 GB,HEAD,7,"1,348 shots total",,yes,velocity model,paired SEG-Y velocity model (separate row),BP Exploration Operating Company Ltd,exact velocity + density models,Open for research use (BP release),,unclear,unclear,unclear,unclear,unclear,unstated,open-download,https://s3.amazonaws.com/open.source.geoscience/open_data/bpvelanal2004/shots0001_0200.segy.gz,yes,4,"All 7 parts HEAD-verified 200: 1,204,545,864 + 1,196,959,723 + 1,154,050,800 + 1,142,096,485 + 1,207,214,978 + 1,209,230,861 + 942,315,702 B. Prepend the base URL + bpvelanal2004/ to each name. Bucket listing is DENIED (?list-type=2 -> AccessDenied; bare dir paths -> 403), so the exact case-sensitive object key IS the deliverable. A 403 is returned for both a wrong key and a missing permission, so probing for other keys is useless."
bp-2007-tti,BP 2007 TTI Anisotropic Benchmark,SYNTHETIC,n/a (synthetic),pre-stack gather (shot),synthetic,unmigrated,Anisotropic_FD_Model_Shots_part1.sgy.gz .. part4.sgy.gz,SEG-Y (gzip),3539370268,3.54 GB,HEAD,4,,,yes,"velocity model; anisotropy (delta, epsilon, tilt)",SEG-Y in ModelParams.tar.gz (separate row),BP Exploration Operating Company Ltd,,Open for research use (courtesy BP Exploration Operating Company Ltd),,unclear,unclear,unclear,unclear,unclear,unstated,open-download,https://s3.amazonaws.com/open.source.geoscience/open_data/bptti2007/Anisotropic_FD_Model_Shots_part1.sgy.gz,yes,4,"Parts HEAD-verified: 1,036,037,910 + 1,070,019,484 + 1,110,088,697 + 323,224,177 B. The reference TTI anisotropic imaging benchmark. Bucket listing is DENIED (?list-type=2 -> AccessDenied; bare dir paths -> 403), so the exact case-sensitive object key IS the deliverable. A 403 is returned for both a wrong key and a missing permission, so probing for other keys is useless."
bp-2007-tti,BP 2007 TTI Anisotropic Benchmark,SYNTHETIC,n/a (synthetic),velocity model,synthetic,depth,ModelParams.tar.gz,SEG-Y (tar.gz),230291943,230.29 MB,HEAD,1,,,yes,"velocity model; anisotropy (delta, epsilon, tilt)",SEG-Y,BP Exploration Operating Company Ltd,"Vp, delta, epsilon and tilt volumes",Open for research use (courtesy BP Exploration Operating Company Ltd),,unclear,unclear,unclear,unclear,unclear,unstated,open-download,https://s3.amazonaws.com/open.source.geoscience/open_data/bptti2007/ModelParams.tar.gz,yes,5,"The four TTI model parameter volumes - ground truth for anisotropic velocity ML. Bucket listing is DENIED (?list-type=2 -> AccessDenied; bare dir paths -> 403), so the exact case-sensitive object key IS the deliverable. A 403 is returned for both a wrong key and a missing permission, so probing for other keys is useless."
seg-eage-models,SEG/EAGE 3D Salt and Overthrust Models (combined CD),SYNTHETIC,n/a (synthetic),velocity model,synthetic,depth,salt_and_overthrust_models.tar.gz,tar.gz (binary grids),1222196638,1.22 GB,HEAD,1,Salt 676 x 676 x 210; Overthrust 801 x 801 x 187,,yes,salt; velocity model,gridded velocity volumes,SEG/EAGE 3D Modeling Committee (Copyright 1997 SEG),both models plus the CD documentation,CC BY 4.0,CC-BY-4.0,yes,yes,yes,no,yes,spdx,open-download,https://s3.amazonaws.com/open.source.geoscience/open_data/seg_eage_models_cd/salt_and_overthrust_models.tar.gz,yes,5,"The full original CD image. Unambiguously CC-BY-4.0 - among the safest classic synthetics for commercial work. Bucket listing is DENIED (?list-type=2 -> AccessDenied; bare dir paths -> 403), so the exact case-sensitive object key IS the deliverable. A 403 is returned for both a wrong key and a missing permission, so probing for other keys is useless."
seg-eage-models,SEG/EAGE 3D Salt Model (standalone),SYNTHETIC,n/a (synthetic),velocity model,synthetic,depth,Salt_Model_3D.tar.gz,tar.gz (binary grids),513098004,513.10 MB,HEAD,1,676 x 676 x 210,,yes,salt; velocity model,gridded velocity volume,SEG/EAGE 3D Modeling Committee (Copyright 1997 SEG),,CC BY 4.0,CC-BY-4.0,yes,yes,yes,no,yes,spdx,open-download,https://s3.amazonaws.com/open.source.geoscience/open_data/seg_eage_models_cd/Salt_Model_3D.tar.gz,yes,5,"Salt body is directly derivable from the velocity field -> free salt segmentation masks. Bucket listing is DENIED (?list-type=2 -> AccessDenied; bare dir paths -> 403), so the exact case-sensitive object key IS the deliverable. A 403 is returned for both a wrong key and a missing permission, so probing for other keys is useless."
seg-eage-models,SEG/EAGE 3D Overthrust Model (Zenodo HDF5 copy),SYNTHETIC,n/a (synthetic),velocity model,synthetic,depth,overthrust_3D_true_model.h5; overthrust_3D_initial_model.h5,HDF5,1062506184,1.06 GB,api,2,801 x 801 x 187,,yes,velocity model,HDF5 velocity volume,SEG/EAGE 3D Modeling Committee,smoothed initial model for FWI starts,CC BY 4.0,CC-BY-4.0,yes,yes,yes,no,yes,spdx,open-download,https://zenodo.org/records/4252588,yes,5,"DOI 10.5281/zenodo.4252588. 531,253,092 B each. Ships BOTH true and smoothed-initial models - the ready-made FWI train/start pair. Easier than the S3 tar.gz."
seg-eage-models,SEG/EAGE Salt Model C3 narrow-azimuth shots,SYNTHETIC,n/a (synthetic),pre-stack gather (shot),synthetic,unmigrated,SEG_C3NA_ffid_2-1200.sgy; SEG_C3NA_ffid_1201-2400.sgy; SEG_C3NA_ffid_2401-3600.sgy,SEG-Y Rev1,4746501840,4.75 GB,HEAD,3,,,yes,salt; velocity model,the SEG/EAGE C3 salt velocity model (separate row),SEG/EAGE 3D Modeling Committee,,CC BY 4.0,CC-BY-4.0,yes,yes,yes,no,yes,spdx,open-download,https://s3.amazonaws.com/open.source.geoscience/open_data/seg_eage_salt/SEG_C3NA_ffid_2-1200.sgy,yes,4,"3 parts HEAD-verified 200: 1,575,306,320 + 1,579,602,640 + 1,591,592,880 B. A 4th part is implied by the ffid numbering but SEG_C3NA_ffid_3601-4800.sgy and _3601-4801.sgy both return 403 - the exact key is unknown. Wide-azimuth (SEG_C3WA_*) keys likewise unresolved. Bucket listing is DENIED (?list-type=2 -> AccessDenied; bare dir paths -> 403), so the exact case-sensitive object key IS the deliverable. A 403 is returned for both a wrong key and a missing permission, so probing for other keys is useless."
marmousi2,AGL Elastic Marmousi (Marmousi2),SYNTHETIC,"n/a (synthetic, Cuanza-Basin-inspired)",velocity model,synthetic,depth,elastic-marmousi-model.tar.gz,SEG-Y (tar.gz),153722387,153.72 MB,HEAD,1,17 km lateral x 3.5 km depth; 199 geological layers; 450 m water layer,,yes,"velocity model (Vp, Vs); density",SEG-Y model volumes,Univ. of Houston Allied Geophysical Laboratories (2019 release),"Vp, Vs and density models; NMO stacks; pre/post-stack time and depth migrations",Open (AGL / University of Houston release),,unclear,unclear,unclear,unclear,unclear,unstated,open-download,https://s3.amazonaws.com/open.source.geoscience/open_data/elastic-marmousi/elastic-marmousi-model.tar.gz,yes,5,"THE canonical elastic FWI/AVO benchmark and the only Marmousi with a confirmed live authoritative host. Layers derive from the original IFP horizon picks supplied by Aline Bourgeois (IFP). The original 1988 acoustic Marmousi has NO single live canonical URL - take it from a package fixture (Devito, PySIT, Madagascar) instead. Bucket listing is DENIED (?list-type=2 -> AccessDenied; bare dir paths -> 403), so the exact case-sensitive object key IS the deliverable. A 403 is returned for both a wrong key and a missing permission, so probing for other keys is useless."
chevron-fwi-2014,Chevron 2014 FWI Blind Test (SEG 2014 workshop),SYNTHETIC,n/a (synthetic marine),pre-stack gather (shot),synthetic,unmigrated,seg_workshop_fwi_2014.tar.gz.partaa; seg_workshop_fwi_2014.tar.gz.partab,SEG-Y (split tar.gz),3775959920,3.78 GB,HEAD,2,"1,600 shots; 321 hydrophones/shot; dS = dR = 25 m; max offset 8,000 m; 8.0 s record",4,partial,velocity model (smoothed starting only),SEG14.Vpsmoothstarting.segy,Chevron,"1 Vp well log; farfield no-ghost wavelet (Wavelet.txt, 0.666666 ms); WellWavePic.JPG; legal disclaimer",Chevron Data License Agreement,,no,unclear,yes,unclear,unclear,unstated,open-download,https://s3.amazonaws.com/open.source.geoscience/open_data/seg_workshop_fwi_2014/seg_workshop_fwi_2014.tar.gz.partaa,yes,2,"Chevron Data License Agreement: REVOCABLE and NON-TRANSFERABLE. Grants a royalty-free right to USE, requires acknowledging Chevron in publications, requires documenting modifications, and requires redistributing the licence with the data. It grants NO commercial exploitation right - get legal review before shipping anything derived from it. Parts HEAD-verified: 2,097,152,000 + 1,678,807,920 B. Uncompressed SEG14.Pisoelastic.segy is 4,234,122,000 B. Isotropic elastic, Vp(water) = 1510 m/s constant, free-surface multiples PRESENT. It is a BLIND test - the true model is not shipped. Bucket listing is DENIED (?list-type=2 -> AccessDenied; bare dir paths -> 403), so the exact case-sensitive object key IS the deliverable. A 403 is returned for both a wrong key and a missing permission, so probing for other keys is useless."
chevron-gom-2012,Chevron GOM 2012 FWI Benchmark - no free-surface multiples,SYNTHETIC,n/a (synthetic subsalt GOM),pre-stack gather (shot),synthetic,unmigrated,ChevronGOM_2012_Benchmark_no_FSM.gzip.part0; .part1; .part2,SEG-Y (split gzip),26905391110,26.91 GB,HEAD,3,,,partial,velocity model (starting model only),ChevronFWI-StartingModel.segy (separate row),Chevron,,Chevron Data License Agreement,,no,unclear,yes,unclear,unclear,unstated,open-download,https://s3.amazonaws.com/open.source.geoscience/open_data/seg_workshop_fwi/ChevronGOM_2012_Benchmark_no_FSM.gzip.part0,yes,2,"Chevron Data License Agreement: REVOCABLE and NON-TRANSFERABLE. Grants a royalty-free right to USE, requires acknowledging Chevron in publications, requires documenting modifications, and requires redistributing the licence with the data. It grants NO commercial exploitation right - get legal review before shipping anything derived from it. All 3 parts HEAD-verified: 9,663,676,416 + 9,663,676,416 + 7,578,038,278 B (the widely-quoted '~25 GB' is low; the true total is 26.91 GB). 2D elastic subsalt. Bucket listing is DENIED (?list-type=2 -> AccessDenied; bare dir paths -> 403), so the exact case-sensitive object key IS the deliverable. A 403 is returned for both a wrong key and a missing permission, so probing for other keys is useless."
chevron-gom-2012,Chevron GOM 2012 FWI Benchmark - with free-surface multiples,SYNTHETIC,n/a (synthetic subsalt GOM),pre-stack gather (shot),synthetic,unmigrated,ChevronGOM_2012_Benchmark_w_FSM.gzip.part0; .part1; .part2,SEG-Y (split gzip),26931561851,26.93 GB,HEAD,3,,,partial,velocity model (starting model only),ChevronFWI-StartingModel.segy (separate row),Chevron,,Chevron Data License Agreement,,no,unclear,yes,unclear,unclear,unstated,open-download,https://s3.amazonaws.com/open.source.geoscience/open_data/seg_workshop_fwi/ChevronGOM_2012_Benchmark_w_FSM.gzip.part0,yes,2,"Chevron Data License Agreement: REVOCABLE and NON-TRANSFERABLE. Grants a royalty-free right to USE, requires acknowledging Chevron in publications, requires documenting modifications, and requires redistributing the licence with the data. It grants NO commercial exploitation right - get legal review before shipping anything derived from it. All 3 parts HEAD-verified: 9,663,676,416 + 9,663,676,416 + 7,604,209,019 B. Same earth model as the no-FSM row - the pair is a controlled experiment for multiple-attenuation and FWI-with-multiples research. Bucket listing is DENIED (?list-type=2 -> AccessDenied; bare dir paths -> 403), so the exact case-sensitive object key IS the deliverable. A 403 is returned for both a wrong key and a missing permission, so probing for other keys is useless."
chevron-gom-2013-lo,Chevron GOM 2013 long-offset FWI synthetic,SYNTHETIC,n/a (synthetic GOM),pre-stack gather (shot),synthetic,unmigrated,ChevGOMLO.tar.gzip.partaa .. partah,SEG-Y (split tar.gzip),79998657422,80.00 GB,HEAD,8,30 km maximum offset; 23 s record length,,partial,velocity model (starting model only),SEG-Y,Chevron,,Chevron Data License Agreement,,no,unclear,yes,unclear,unclear,unstated,open-download,https://s3.amazonaws.com/open.source.geoscience/open_data/seg_workshop_fwi_long_offset2013/ChevGOMLO.tar.gzip.partaa,yes,2,"Chevron Data License Agreement: REVOCABLE and NON-TRANSFERABLE. Grants a royalty-free right to USE, requires acknowledging Chevron in publications, requires documenting modifications, and requires redistributing the licence with the data. It grants NO commercial exploitation right - get legal review before shipping anything derived from it. All 8 parts HEAD-verified: partaa-partag are 10,485,760,000 B each, partah is 6,598,337,422 B => 79,998,657,422 B exactly. The largest Chevron artefact; the ultra-long offset and 23 s record make it the reference test for low-frequency FWI. Bucket listing is DENIED (?list-type=2 -> AccessDenied; bare dir paths -> 403), so the exact case-sensitive object key IS the deliverable. A 403 is returned for both a wrong key and a missing permission, so probing for other keys is useless."
chevron-gom-2013-tti,Chevron GOM 2013 TTI anisotropic FWI synthetic,SYNTHETIC,n/a (synthetic GOM),pre-stack gather (shot),synthetic,unmigrated,ChevronGOM2013_tti.tar.partaa .. partaf,SEG-Y (split tar),28640141824,28.64 GB,HEAD,6,,,partial,velocity model; anisotropy (TTI),SEG-Y,Chevron,,Chevron Data License Agreement,,no,unclear,yes,unclear,unclear,unstated,open-download,https://s3.amazonaws.com/open.source.geoscience/open_data/seg_workshop_fwi_tti/ChevronGOM2013_tti.tar.partaa,yes,2,"Chevron Data License Agreement: REVOCABLE and NON-TRANSFERABLE. Grants a royalty-free right to USE, requires acknowledging Chevron in publications, requires documenting modifications, and requires redistributing the licence with the data. It grants NO commercial exploitation right - get legal review before shipping anything derived from it. All 6 parts HEAD-verified: partaa-partae are 5,242,880,000 B each, partaf is 2,425,741,824 B => 28,640,141,824 B exactly (the commonly quoted '~31.5 GB' is high). Bucket listing is DENIED (?list-type=2 -> AccessDenied; bare dir paths -> 403), so the exact case-sensitive object key IS the deliverable. A 403 is returned for both a wrong key and a missing permission, so probing for other keys is useless."
chevron-gom-2012,Chevron FWI starting velocity model,SYNTHETIC,n/a (synthetic GOM),velocity model,synthetic,depth,ChevronFWI-StartingModel.segy,SEG-Y,204768644,204.77 MB,HEAD,1,,,yes,velocity model,SEG-Y,Chevron,a .bin variant of the same model exists at the same prefix,Chevron Data License Agreement,,no,unclear,yes,unclear,unclear,unstated,open-download,https://s3.amazonaws.com/open.source.geoscience/open_data/seg_workshop_fwi/ChevronFWI-StartingModel.segy,yes,2,"Chevron Data License Agreement: REVOCABLE and NON-TRANSFERABLE. Grants a royalty-free right to USE, requires acknowledging Chevron in publications, requires documenting modifications, and requires redistributing the licence with the data. It grants NO commercial exploitation right - get legal review before shipping anything derived from it. The FWI initialisation model shared by the Chevron GOM benchmarks. Bucket listing is DENIED (?list-type=2 -> AccessDenied; bare dir paths -> 403), so the exact case-sensitive object key IS the deliverable. A 403 is returned for both a wrong key and a missing permission, so probing for other keys is useless."
chevron-gom-2012,Chevron GOM CSEM + MT data (same earth model),SYNTHETIC,n/a (synthetic GOM),attribute volume,non-seismic,n/a,ChevGOM_CSEMMT.tar,tar,5918720,5.92 MB,HEAD,1,,,partial,resistivity model,,Chevron,,Chevron Data License Agreement,,no,unclear,yes,unclear,unclear,unstated,open-download,https://s3.amazonaws.com/open.source.geoscience/open_data/seg_workshop_fwi/ChevGOM_CSEMMT.tar,yes,2,"Chevron Data License Agreement: REVOCABLE and NON-TRANSFERABLE. Grants a royalty-free right to USE, requires acknowledging Chevron in publications, requires documenting modifications, and requires redistributing the licence with the data. It grants NO commercial exploitation right - get legal review before shipping anything derived from it. HEAD-verified 200, 5,918,720 B - far smaller than the seismic volumes. Built on the SAME earth model as the Chevron GOM seismic, so it is the rare ready-made joint EM + seismic inversion pair. Bucket listing is DENIED (?list-type=2 -> AccessDenied; bare dir paths -> 403), so the exact case-sensitive object key IS the deliverable. A 403 is returned for both a wrong key and a missing permission, so probing for other keys is useless."
rcp-smodels,"SModels v01 - RCP 3D 9-C shear models (Postle Field, OK)",US,"Anadarko (Postle Field, Oklahoma)",velocity model,synthetic,depth,SModels.v01.tgz,tar.gz,218402950,218.40 MB,HEAD,1,,,yes,velocity model (elastic / HTI anisotropy),gridded model volumes,Reservoir Characterization Project (Colorado School of Mines),"36 separate 9-C VSP SEG-Ys ({iso,hti,isons,htins}_vsp01_{xx..zz}.sgy.gz); VSP02 as 4 .tgz; all_md5sums.txt (4,104 B, HEAD-verified)",Requires accepting README_agreement,,unclear,unclear,unclear,unclear,unclear,unstated,open-registration,https://s3.amazonaws.com/open.source.geoscience/open_data/SModels/SModels.v01.tgz,yes,3,"Multicomponent (9-C) elastic/HTI models for S-wave statics and shear-wave birefringence. Index page at https://s3.amazonaws.com/open.source.geoscience/open_data/SModels/SModels.html. You must accept README_agreement before use. Bucket listing is DENIED (?list-type=2 -> AccessDenied; bare dir paths -> 403), so the exact case-sensitive object key IS the deliverable. A 403 is returned for both a wrong key and a missing permission, so probing for other keys is useless."
f3-facies-benchmark,F3 Facies Classification Benchmark (Alaudah et al. 2019),NL,Dutch North Sea (F3 block),facies labels,post-stack,time,data.zip,npy (in ZIP),1051449986,1.05 GB,api,1,train 401 x 701 x 255,4,yes,facies (6 classes),npy (train_labels.npy + two test-split label arrays),"Alaudah / Georgia Tech OLIVES, expert-interpreted from F3",train_seismic.npy plus two test splits,MIT,MIT,yes,yes,yes,no,yes,spdx,open-download,https://zenodo.org/records/3755060,yes,5,"DOI 10.5281/zenodo.3755060. MD5 bc5932279831a95c0b244fd765376d85. THE canonical facies benchmark: MIT-licensed, ~1 GB, ready-made train/test splits. Best starting point for supervised facies work. Code: github.com/olivesgatech/facies_classification_benchmark."
f3-facies-benchmark,F3 Facies Classification Benchmark - raw interpretation,NL,Dutch North Sea (F3 block),horizon set,post-stack,time,raw.zip,ZIP,1084578002,1.08 GB,api,1,,4,yes,horizon; fault; facies,raw horizons and fault planes,Alaudah / Georgia Tech OLIVES,"logs.zip (112,229 B) carries the well logs",MIT,MIT,yes,yes,yes,no,yes,spdx,open-download,https://zenodo.org/records/3755060,yes,4,"The un-rasterised source interpretation behind data.zip: horizons, fault planes and well logs. Useful if you want a different label rasterisation than the published one."
f3-facies-benchmark,F3 Facies Classification Benchmark - well logs,NL,Dutch North Sea (F3 block),well logs,non-seismic,n/a,logs.zip,ZIP,112229,112.23 kB,api,1,,,no,,,,,MIT,MIT,yes,yes,yes,no,yes,spdx,open-download,https://zenodo.org/records/3755060,yes,4,Tiny well-log bundle shipped with the F3 benchmark - the tie between the seismic and the facies definitions.
landmass,LANDMASS-1 and LANDMASS-2 (Georgia Tech CeGP / OLIVES),NL,Dutch North Sea (derived from F3),facies labels,post-stack,time,LANDMASS.zip,image patches (in ZIP),2325243284,2.33 GB,api,1,"LANDMASS-1: 17,667 patches of 99x99; LANDMASS-2: 4,000 images of 150x300",,yes,"structure class (Horizon, Chaotic, Fault, Salt Dome)",class-per-patch directory labels,Georgia Tech ECE / CeGP - curvelet-based extraction from F3,,CC BY-SA 3.0,CC-BY-SA-3.0,yes,yes,yes,yes,yes,spdx,open-download,https://zenodo.org/records/3901644,yes,5,"DOI 10.5281/zenodo.3901644 - the live, NO-FORM route. The CeGP page cegp.ece.gatech.edu/codedata/landmass/ demands a request form; skip it. LANDMASS-1 class counts: 9,385 Horizon / 5,140 Chaotic / 1,251 Fault / 1,891 Salt Dome (imbalanced). LANDMASS-2: 1,000 per class, normalised to [0,1]. ShareAlike is copyleft - derivative datasets must be released under CC-BY-SA too."
penobscot,Penobscot Interpretation Dataset (Baroni et al.),CA,"Scotian Shelf (Penobscot 3D, offshore Nova Scotia)",facies labels,post-stack,time,dataset.h5,HDF5,2268562702,2.27 GB,api,1,,,yes,facies; horizon,"1,083 label PNG masks paired with 1,083 seismic TIFFs; >100,000 labeled inline/crossline tiles","IBM Research Brazil (Baroni, Silva, Ferreira, Chevitarese, Szwarcman)",7 interpreted horizons (separate row),CC BY 4.0,CC-BY-4.0,yes,yes,yes,no,yes,spdx,open-download,https://zenodo.org/records/3924682,yes,5,"DOI 10.5281/zenodo.3924682, v3.0.0. arXiv:1903.12060. Ships how-to-read.ipynb (633,270 B) and penobscot-examples.png (10,649,865 B). CC-BY-4.0 - commercially usable with attribution."
penobscot,Penobscot Interpretation Dataset - horizons,CA,Scotian Shelf (Penobscot 3D),horizon set,post-stack,time,horizons.zip,XYZ ASCII (in ZIP),36213721,36.21 MB,api,1,,,yes,horizon,7 interpreted horizons in XYZ,IBM Research Brazil,,CC BY 4.0,CC-BY-4.0,yes,yes,yes,no,yes,spdx,open-download,https://zenodo.org/records/3924682,yes,5,The 7 expert horizons as plain XYZ - directly usable for horizon-tracking supervision without unpacking the 2.3 GB HDF5.
netherlands-f3-interp,Netherlands F3 Interpretation Dataset (IBM/Baroni),NL,Dutch North Sea (F3 block),facies labels,post-stack,time,inlines.zip; crosslines.zip; tiles_inlines.tar.gz; tiles_crosslines.tar.gz; horizons.tar.gz; masks.tar.gz,ZIP; tar.gz,1657611714,1.66 GB,api,8,,4,yes,facies; horizon,"masks.tar.gz (4,800,574 B) + horizons.tar.gz (95,320,034 B)",IBM Research Brazil,pre-cut inline and crossline tile sets,CC BY 4.0,CC-BY-4.0,yes,yes,yes,no,yes,spdx,open-download,https://zenodo.org/records/1471548,yes,5,"DOI 10.5281/zenodo.1471548. Per-file bytes: inlines.zip 637,187,326; crosslines.zip 639,101,595; tiles_inlines 139,644,717; tiles_crosslines 140,979,246; horizons 95,320,034; masks 4,800,574; 2 example PNGs. A DIFFERENT F3 labelling from the Alaudah benchmark - do not mix the two label conventions."
parihaka-facies,Parihaka facies labels (via AdaSemSeg republication),NZ,Taranaki (Parihaka 3D),facies labels,post-stack,PSTM,Parihaka_data.zip,ZIP,449881742,449.88 MB,api,1,1006 x 782 x 590,,yes,facies (6 classes),label arrays in ZIP,SEAM AI / AIcrowd 2020 Seismic Facies Identification Challenge,,CC BY 4.0,CC-BY-4.0,yes,yes,yes,no,yes,spdx,open-download,https://zenodo.org/records/21764042,yes,5,"THE workaround for Parihaka labels: the original AIcrowd challenge page (aicrowd.com/challenges/seismic-facies-identification-challenge) requires a login and binds you to challenge rules, whereas this Zenodo republication is CC-BY-4.0 and needs no account. The underlying Parihaka survey is NZ public-domain government data."
adasemseg-facies,"AdaSemSeg - Processed Seismic Facies Datasets (F3, Parihaka, Penobscot)",MULTI,Dutch North Sea; Taranaki; Scotian Shelf,facies labels,post-stack,time,F3_data.zip; Penobscot_data.zip; Parihaka_data.zip,ZIP,2553842528,2.55 GB,api,3,,,yes,facies,preprocessed label arrays,"Saha & Whitaker (Univ. of Utah), rebuilt from the three source benchmarks",uses the original F3 benchmark train/val/test split,CC BY 4.0,CC-BY-4.0,yes,yes,yes,no,yes,spdx,open-download,https://zenodo.org/records/21764042,yes,5,"DOI 10.5281/zenodo.21764042 (2026-08-02). F3_data.zip 1,050,309,306 B; Penobscot_data.zip 1,053,651,480 B; Parihaka_data.zip 449,881,742 B. Three surveys in ONE consistent preprocessing - the fastest route to cross-survey / few-shot facies experiments. IEEE TGRS DOI 10.1109/TGRS.2025.3595010. HF mirror: huggingface.co/datasets/Surojit-Utah/adasemseg-seismic-facies-datasets."
nz-tui-3d,NZ Tui-3D semi-automatic interpretation benchmark,NZ,Taranaki (Tui-3D),facies labels,post-stack,time,Crosslines_NZ_Interpretation_Dataset.zip; Inlines_NZ_Interpretation_Dataset.zip,ZIP,378783319,378.78 MB,api,5,,,yes,facies; horizon,labeled inline/crossline sections,published benchmark authors (New Zealand survey),explicit train/test line lists; Tui-3D_seismic_header.txt (SEG-Y header text),CC BY 4.0,CC-BY-4.0,yes,yes,yes,no,yes,spdx,open-download,https://zenodo.org/records/4153216,yes,5,"DOI 10.5281/zenodo.4153216 (2020-10-29). Crosslines 294,145,386 B; Inlines 84,635,198 B. Ships EXPLICIT train/test line lists (Inline_dataset_train_test_lines.txt 277 B; Crossline_... 199 B) so results are reproducible - rarer than it should be."
thebe-faults,Thebe - largest public field fault dataset,AU,"Carnarvon (Thebe Gas Field, Exmouth Plateau, NW Shelf)",fault labels,post-stack,time,*.npy + *.npz pairs,npy; npz,53090565446,53.09 GB,api,78,1803 x 1537 x 3174,,yes,fault,npz label arrays paired with npy seismic (~487.8 MB each),"expert-labeled, An et al. / University College Dublin","split: first 900 crosslines train, next 200 val, last 703 test",CC0 with additional terms; ships a CC BY 4.0 PDF,CC0-1.0,yes,yes,no,no,yes,spdx,open-download,https://dataverse.harvard.edu/dataset.xhtml?persistentId=doi:10.7910/DVN/YBYGBK,yes,5,"DOI 10.7910/DVN/YBYGBK, published 2021-05-04, state RELEASED. 1,803 labeled crossline sections of 1737 x 3174. The only large FIELD fault dataset with permissive terms - use it instead of FaultSeg3D if commercial use matters. Cite: An et al., Data in Brief (2021)."
faultseg3d,FaultSeg3D (Wu et al. 2019) - the standard fault baseline,SYNTHETIC,n/a (synthetic),fault labels,synthetic,n/a,train/ and validation/ seis+fault volume pairs,binary volumes,,,,200,128 x 128 x 128 per volume,,yes,fault,binary fault-probability volumes paired 1:1 with seismic,"Xinming Wu et al., forward-modelled synthetic ground truth",pretrained Keras model at drive.google.com/drive/folders/1q8sAoLJgbhYHRubzyqMi9KkTeZWXWtNd,Creative Commons - PERSONAL AND RESEARCH USE ONLY; commercial use requires contacting the authors,,no,unclear,yes,unclear,unclear,licence-text,open-download,https://github.com/xinwucwp/faultSeg,yes,2,"200 synthetic seismic/fault volume pairs (train) plus a validation set. Data on Google Drive: drive.google.com/drive/folders/1FcykAxpqiy2NpLP1icdatrrSQgLRXLP8 - Drive gives no HEAD-able Content-Length, so size_bytes is deliberately EMPTY. HARD COMMERCIAL BLOCKER: 'personal and research use only'. Use the CIG CC-BY-4.0 fault/channel/karst records instead - same author group, permissive licence. Cite: GEOPHYSICS 84(3), IM35-IM45."
strike-slip-flower-faults,Synthetic 3D Seismic Volumes and Fault Labels for Strike-Slip Flower Structures in Carbonate Reservoirs,SYNTHETIC,n/a (synthetic carbonate),fault labels,synthetic,n/a,V1.zip,ZIP,459665659,459.67 MB,api,1,,,yes,fault,paired fault label volumes,"published authors, forward-modelled",,CC BY 4.0,CC-BY-4.0,yes,yes,yes,no,yes,spdx,open-download,https://zenodo.org/records/20130881,yes,5,"DOI 10.5281/zenodo.20130881 (2026-05-12). Small (0.46 GB), labeled, CC-BY-4.0 - a good drop-in FaultSeg3D replacement for the strike-slip/flower-structure case, and commercially clean."
ut-saltblock,U-T training/test data for Saltblock model,SYNTHETIC,n/a (synthetic),velocity model,synthetic,depth,SaltBLOCK.zip.001-.005,ZIP (split archive),3284963484,3.28 GB,api,5,,,yes,velocity model,paired velocity volumes,U-T (University of Texas) velocity-inversion training-set authors,,CC BY 4.0,CC-BY-4.0,yes,yes,yes,no,yes,spdx,open-download,https://zenodo.org/records/7968683,yes,5,"DOI 10.5281/zenodo.7968683. Ready-made train+test split for the Saltblock salt model. Parts: 786,432,000 B x4 + 139,235,484 B. Published 2023-05-25."
ut-sigsbee2a,U-T training/test data for Sigsbee2A model,SYNTHETIC,n/a (synthetic),velocity model,synthetic,depth,Sigsbee2A.zip.001-.003,ZIP (split archive),1907551664,1.91 GB,api,3,,,yes,velocity model,paired velocity volumes,U-T (University of Texas) velocity-inversion training-set authors,,CC BY 4.0,CC-BY-4.0,yes,yes,yes,no,yes,spdx,open-download,https://zenodo.org/records/7967050,yes,5,"DOI 10.5281/zenodo.7967050. Ready-made train+test split for the Sigsbee2A subsalt model. Parts: 838,860,800 + 838,860,800 + 229,830,064 B. IMPORTANT: this is the only LIVE route to Sigsbee2A-derived ML data - the original SMAART JV host delphi.tudelft.nl/SMAART/ no longer resolves (DNS failure) and reproducibility.org/data/sigsbee returns 404. Published 2023-05-24."
ut-layerfault,U-T training/test data for LayerFault model,SYNTHETIC,n/a (synthetic),velocity model,synthetic,depth,LayerFault.zip.001-.004,ZIP (split archive),3268977958,3.27 GB,api,4,,,yes,velocity model,paired velocity volumes,U-T (University of Texas) velocity-inversion training-set authors,,CC BY 4.0,CC-BY-4.0,yes,yes,yes,no,yes,spdx,open-download,https://zenodo.org/records/7968577,yes,5,"DOI 10.5281/zenodo.7968577. Ready-made train+test split for the LayerFault model. Parts: 838,860,800 x3 + 752,395,558 B. Published 2023-05-24."
ut-marmousi-vel-den,U-T training/test data for simultaneous velocity + density inversion,SYNTHETIC,n/a (synthetic),velocity model,synthetic,depth,Marmousi.zip,ZIP (split archive),1777896679,1.78 GB,api,1,,,yes,velocity model,paired velocity volumes,U-T (University of Texas) velocity-inversion training-set authors,,CC BY 4.0,CC-BY-4.0,yes,yes,yes,no,yes,spdx,open-download,https://zenodo.org/records/7965402,yes,5,DOI 10.5281/zenodo.7965402. Ready-made train+test split for simultaneous Vp and density inversion on Marmousi. Multi-parameter (not just velocity) supervision - rarer than single-parameter sets. Published 2023-05-24.
amber-microseismic,AMBER - AI-Ready Downhole Microseismic Benchmark Database,GLOBAL,multiple (downhole microseismic monitoring),pre-stack gather (shot),pre-stack,unmigrated,amber_raw_segys.zip,SEG-Y (in ZIP),20670163819,20.67 GB,api,1,,,partial,event picks (via metadata.csv),CSV join on trace/event id,AMBER authors - picked/curated event catalogue,metadata.csv carries the event and station attributes,CC BY 4.0,CC-BY-4.0,yes,yes,yes,no,yes,spdx,open-download,https://zenodo.org/records/18944111,yes,4,"AMBER = AI-Ready Downhole Microseismic Benchmark Database. DOI 10.5281/zenodo.18944111, published 2026-03-10, CC BY 4.0 - fully commercial-friendly. Record total 34,815,412,026 B (34.82 GB) across 4 files. Rare in shipping the SAME data three ways: raw SEG-Y, a SeisBench-style HDF5, and a PyTorch loader package. The raw SEG-Y tier - use this if you need real headers and native industry format rather than a tensor."
amber-microseismic,AMBER - AI-Ready Downhole Microseismic Benchmark Database,GLOBAL,multiple (downhole microseismic monitoring),pre-stack gather (shot),pre-stack,unmigrated,waveforms.hdf5,HDF5 (SeisBench layout),14081726610,14.08 GB,api,1,,,yes,P/S phase picks; event association,SeisBench HDF5 + metadata.csv,AMBER authors - picked/curated event catalogue,metadata.csv carries the event and station attributes,CC BY 4.0,CC-BY-4.0,yes,yes,yes,no,yes,spdx,open-download,https://zenodo.org/records/18944111,yes,5,"AMBER = AI-Ready Downhole Microseismic Benchmark Database. DOI 10.5281/zenodo.18944111, published 2026-03-10, CC BY 4.0 - fully commercial-friendly. Record total 34,815,412,026 B (34.82 GB) across 4 files. Rare in shipping the SAME data three ways: raw SEG-Y, a SeisBench-style HDF5, and a PyTorch loader package. The ML tier - SeisBench-compatible HDF5, loadable directly by standard phase-picking pipelines. Start here."
amber-microseismic,AMBER - AI-Ready Downhole Microseismic Benchmark Database,GLOBAL,multiple (downhole microseismic monitoring),report,pre-stack,unmigrated,metadata.csv,CSV,19206905,19.21 MB,api,1,,,yes,event/station attributes,CSV,AMBER authors - picked/curated event catalogue,metadata.csv carries the event and station attributes,CC BY 4.0,CC-BY-4.0,yes,yes,yes,no,yes,spdx,open-download,https://zenodo.org/records/18944111,yes,5,"AMBER = AI-Ready Downhole Microseismic Benchmark Database. DOI 10.5281/zenodo.18944111, published 2026-03-10, CC BY 4.0 - fully commercial-friendly. Record total 34,815,412,026 B (34.82 GB) across 4 files. Rare in shipping the SAME data three ways: raw SEG-Y, a SeisBench-style HDF5, and a PyTorch loader package. The label table itself - 19.2 MB of event and station attributes joining the SEG-Y and HDF5 tiers."
amber-microseismic,AMBER - AI-Ready Downhole Microseismic Benchmark Database,GLOBAL,multiple (downhole microseismic monitoring),report,pre-stack,unmigrated,AMBER_Public-0.1.0.zip,ZIP (Python package),44314692,44.31 MB,api,1,,,no,,,AMBER authors - picked/curated event catalogue,metadata.csv carries the event and station attributes,CC BY 4.0,CC-BY-4.0,yes,yes,yes,no,yes,spdx,open-download,https://zenodo.org/records/18944111,yes,5,"AMBER = AI-Ready Downhole Microseismic Benchmark Database. DOI 10.5281/zenodo.18944111, published 2026-03-10, CC BY 4.0 - fully commercial-friendly. Record total 34,815,412,026 B (34.82 GB) across 4 files. Rare in shipping the SAME data three ways: raw SEG-Y, a SeisBench-style HDF5, and a PyTorch loader package. The PyTorch/loader package (v0.1.0), not data. Ships the Dataset classes and splits."
stead,STEAD - STanford EArthquake Dataset,GLOBAL,n/a (earthquake seismology),pre-stack gather (shot),non-seismic,n/a,chunk*.hdf5 + merged.csv,HDF5; CSV,,~70 GB (SeisBench) / ~85 GB commonly quoted,published,1,,,yes,phase picks (P/S); event metadata,HDF5 waveforms + CSV metadata,agency-reviewed analyst picks,~1.2M traces,CC BY 4.0,CC-BY-4.0,yes,yes,yes,no,yes,spdx,open-download,https://github.com/smousavi05/STEAD,yes,4,"EARTHQUAKE seismology, NOT exploration - different sampling, geometry and label semantics; useful for waveform pretraining and transfer, not for imaging. The most-used earthquake ML benchmark. Repo HEAD-verified 200; the HDF5 chunks sit on Google Drive so no Content-Length is available - size_bytes deliberately EMPTY. Cite: Mousavi et al. (2019), DOI 10.1109/ACCESS.2019.2947848."
instance,INSTANCE - The Italian seismic dataset for machine learning,IT,n/a (earthquake seismology),pre-stack gather (shot),non-seismic,n/a,counts and ground-motion HDF5 sets,HDF5; CSV,,~160-310 GB (varies by variant),published,1,,,yes,phase picks (P/S); event metadata,HDF5 waveforms + CSV metadata,agency-reviewed analyst picks,~1.2M traces,CC BY 4.0,CC-BY-4.0,yes,yes,yes,no,yes,spdx,open-download,https://www.pi.ingv.it/instance/,yes,4,"EARTHQUAKE seismology, NOT exploration - different sampling, geometry and label semantics; useful for waveform pretraining and transfer, not for imaging. DOI 10.13127/INSTANCE resolves (302) to the INGV portal - verified live. Ships both counts and ground-motion variants, which is why quoted sizes range ~160-330 GB. Cite: Michelini et al. (2021)."
mlaapde,MLAAPDE - Machine Learning Asset Aggregation of the PDE,GLOBAL,n/a (earthquake seismology),pre-stack gather (shot),non-seismic,n/a,waveform archive + labeled catalog + Python module,HDF5; CSV,,,,1,,,yes,phase picks (P/S); event metadata,HDF5 waveforms + CSV metadata,agency-reviewed analyst picks,~2.5M+ arrivals,US Government Work (USGS - public domain),,yes,yes,no,no,yes,licence-text,open-download,https://www.sciencebase.gov/catalog/item/6127b30fd34e40dd9c05094c,yes,4,"EARTHQUAKE seismology, NOT exploration - different sampling, geometry and label semantics; useful for waveform pretraining and transfer, not for imaging. DOI 10.5066/P96FABIB, USGS NEIC. ScienceBase item verified via API; the catalog page itself lists only update_log.txt and MLAAPDE_Metadata.xml, so the bulk waveforms come through the Python module at code.usgs.gov/ghsc/neic/neic-mlaapde - no HEAD-able bulk URL, size_bytes EMPTY. USGS products are public domain, the most permissive terms in this table."
diting,DiTing - China Seismic Network ML dataset,CN,n/a (earthquake seismology),pre-stack gather (shot),non-seismic,n/a,HDF5 chunks + metadata,HDF5; CSV,,,,1,,,yes,phase picks (P/S); event metadata,HDF5 waveforms + CSV metadata,agency-reviewed analyst picks,~2.7M waveforms,China Earthquake Networks Center terms,,unclear,unclear,unclear,unclear,unclear,unstated,open-registration,https://data.earthquake.cn/,yes,3,"EARTHQUAKE seismology, NOT exploration - different sampling, geometry and label semantics; useful for waveform pretraining and transfer, not for imaging. DOI 10.12080/nedc.11.ds.2022.0002 verified live (302 -> data.earthquake.cn National Earthquake Data Center). Chinese-language portal with a registration step; terms are not an SPDX licence - review before commercial use. Size not published in a machine-readable form, so size_bytes EMPTY."
crew,CREW - Curated Regional Earthquake Waveforms,US,n/a (earthquake seismology),pre-stack gather (shot),non-seismic,n/a,HDF5 + CSV,HDF5; CSV,,~1.1 TB (SeisBench),published,1,,,yes,phase picks (P/S); event metadata,HDF5 waveforms + CSV metadata,agency-reviewed analyst picks,1.6M traces,not stated on the paper landing page,,unclear,unclear,unclear,unclear,unclear,unstated,open-download,https://seismica.library.mcgill.ca/article/view/1049,yes,3,"EARTHQUAKE seismology, NOT exploration - different sampling, geometry and label semantics; useful for waveform pretraining and transfer, not for imaging. Largest of the earthquake benchmarks (~1.1 TB). Only the PAPER DOI (10.26443/seismica.v3i1.1049) was verifiable - it resolves 200. No download host could be confirmed: github.com/AI4EPS/CREW is 404 and huggingface.co/datasets/AI4EPS/CREW returns 401. URL is the paper, NOT a data link. Cite: Aguilar Suarez & Beroza (2024)."
txed,TXED - TeXas earthquake Dataset for ai,US,n/a (earthquake seismology),pre-stack gather (shot),non-seismic,n/a,HDF5 chunks,HDF5; CSV,,~70 GB (SeisBench),published,1,,,yes,phase picks (P/S); event metadata,HDF5 waveforms + CSV metadata,agency-reviewed analyst picks,~500k traces,not stated,,unclear,unclear,unclear,unclear,unclear,unstated,open-download,https://github.com/aaspip/txed,yes,3,"EARTHQUAKE seismology, NOT exploration - different sampling, geometry and label semantics; useful for waveform pretraining and transfer, not for imaging. github.com/chenyk1990/txed redirects (200) to github.com/aaspip/txed - use the aaspip path. Data itself is off-GitHub, so no Content-Length. Cite: Chen et al. (2024), DOI 10.1785/0220230327."
pnw,PNW-ML - Pacific Northwest ML seismic dataset,US,n/a (earthquake seismology),pre-stack gather (shot),non-seismic,n/a,"HDF5 (exotic, comcat and noise subsets)",HDF5; CSV,,,,1,,,yes,phase picks (P/S); event metadata,HDF5 waveforms + CSV metadata,agency-reviewed analyst picks,multiple subsets,not stated,,unclear,unclear,unclear,unclear,unclear,unstated,open-download,https://github.com/niyiyu/PNW-ML,yes,3,"EARTHQUAKE seismology, NOT exploration - different sampling, geometry and label semantics; useful for waveform pretraining and transfer, not for imaging. Repo HEAD-verified 200. Notable for including volcanic/explosion and 'exotic' event classes absent from STEAD, which makes it the better transfer source for non-tectonic microseismicity. Cite: Ni et al. (2023), DOI 10.26443/seismica.v2i1.368."
lendb,LEN-DB - Local earthquakes detection benchmark,GLOBAL,n/a (earthquake seismology),pre-stack gather (shot),non-seismic,n/a,LEN-DB.hdf5,HDF5,18369305424,18.37 GB,api,1,,,yes,phase picks (P/S); event metadata,HDF5 waveforms + CSV metadata,agency-reviewed analyst picks,~1.25M 3-component seismograms,CC BY 4.0,CC-BY-4.0,yes,yes,yes,no,yes,spdx,open-download,https://zenodo.org/records/3648232,yes,5,"EARTHQUAKE seismology, NOT exploration - different sampling, geometry and label semantics; useful for waveform pretraining and transfer, not for imaging. DOI 10.5281/zenodo.3648232. The ONLY earthquake benchmark here with a byte-exact, no-account, CC-BY-4.0 single-file download (18,369,305,424 B). Global scale, balanced earthquake/noise. Cite: Magrini et al. (2020), DOI 10.1016/j.aiig.2020.04.001."
seam,"SEAM Phase I (subsalt, GOM-style)",SYNTHETIC,n/a (synthetic),velocity model,synthetic,depth,,SEG-Y,,subsets range 120 GB to 5.8 TB,published,1,,,yes,velocity model; salt,gridded earth model,SEG Advanced Modeling Corporation,,"SEAM programme terms (open-data tier for students, universities, research labs and startups)",,unclear,unclear,unclear,unclear,unclear,unstated,open-request,https://seg.org/seam/open-data/,no,2,"SEAM = SEG Advanced Modeling. seg.org returns HTTP 403 to every automated fetch (bot protection) and software.seg.org returns HTTP 525, so NOTHING in the SEAM block could be verified first-party - all figures are from search extracts. Open the portal in a real browser. THE headline SEAM model. Largest subset covers a full-fold area of about 11 OCS blocks. Now in the OPEN-DATA tier - free access for students, universities, research labs and STARTUPS, which supersedes the older members/fee-only understanding. Expect an access request form, not a direct download."
seam,SEAM Time Lapse Pilot,SYNTHETIC,n/a (synthetic),4D vintage,synthetic,depth,,SEG-Y,,,,1,,,yes,velocity model; salt,gridded earth model,SEG Advanced Modeling Corporation,,"SEAM programme terms (open-data tier for students, universities, research labs and startups)",,unclear,unclear,unclear,unclear,unclear,unstated,open-request,https://seg.org/seam/open-data/,no,2,"SEAM = SEG Advanced Modeling. seg.org returns HTTP 403 to every automated fetch (bot protection) and software.seg.org returns HTTP 525, so NOTHING in the SEAM block could be verified first-party - all figures are from search extracts. Open the portal in a real browser. Named alongside Phase I as part of the open-access tier. A 4D/time-lapse synthetic - scarce as open data. Size and file list not published."
seam,SEAM Phase II - Foothills,SYNTHETIC,n/a (synthetic),velocity model,synthetic,depth,,SEG-Y,,,,1,,,yes,velocity model; salt,gridded earth model,SEG Advanced Modeling Corporation,,"SEAM programme terms (open-data tier for students, universities, research labs and startups)",,no,unclear,unclear,unclear,unclear,unstated,fee,https://seg.org/seam/data-sets/,no,1,"SEAM = SEG Advanced Modeling. seg.org returns HTTP 403 to every automated fetch (bot protection) and software.seg.org returns HTTP 525, so NOTHING in the SEAM block could be verified first-party - all figures are from search extracts. Open the portal in a real browser. Thrust-belt LAND model (complex near-surface, rugged topography). Size and pricing not published; not named in the open-data tier, so assume fee/membership. Landing page is 403 to automated fetch."
seam,SEAM Phase II - Arid,SYNTHETIC,n/a (synthetic),velocity model,synthetic,depth,,SEG-Y,,,,1,,,yes,velocity model; salt,gridded earth model,SEG Advanced Modeling Corporation,,"SEAM programme terms (open-data tier for students, universities, research labs and startups)",,no,unclear,unclear,unclear,unclear,unstated,fee,https://seg.org/seam/data-sets/,no,1,"SEAM = SEG Advanced Modeling. seg.org returns HTTP 403 to every automated fetch (bot protection) and software.seg.org returns HTTP 525, so NOTHING in the SEAM block could be verified first-party - all figures are from search extracts. Open the portal in a real browser. Desert near-surface model targeting land statics and near-surface velocity problems. Size and pricing not published; not named in the open-data tier."
seam,SEAM Barrett,SYNTHETIC,n/a (synthetic),velocity model,synthetic,depth,,SEG-Y,,,,1,,,yes,velocity model; salt,gridded earth model,SEG Advanced Modeling Corporation,,"SEAM programme terms (open-data tier for students, universities, research labs and startups)",,no,unclear,unclear,unclear,unclear,unstated,fee,https://seg.org/seam/data-sets/,no,1,"SEAM = SEG Advanced Modeling. seg.org returns HTTP 403 to every automated fetch (bot protection) and software.seg.org returns HTTP 525, so NOTHING in the SEAM block could be verified first-party - all figures are from search extracts. Open the portal in a real browser. Listed as a SEAM project; no size, file list or pricing found. Catalogued for completeness only."
seam,SEAM Pressure Prediction,SYNTHETIC,n/a (synthetic),velocity model,synthetic,depth,,SEG-Y,,,,1,,,yes,velocity model; salt,gridded earth model,SEG Advanced Modeling Corporation,,"SEAM programme terms (open-data tier for students, universities, research labs and startups)",,no,unclear,unclear,unclear,unclear,unstated,fee,https://seg.org/seam/data-sets/,no,1,"SEAM = SEG Advanced Modeling. seg.org returns HTTP 403 to every automated fetch (bot protection) and software.seg.org returns HTTP 525, so NOTHING in the SEAM block could be verified first-party - all figures are from search extracts. Open the portal in a real browser. Listed as a SEAM project; no detail found beyond the name. Catalogued for completeness only."
seam,SEAM-derived inversion training set (SFM republication),SYNTHETIC,n/a (synthetic),impedance volume,synthetic,depth,parquet shards,parquet,3442236058,3.44 GB,api,1,224 x 224 patches,,yes,impedance; reflectivity,parquet columns,"Seismic Foundation Model team (Sheng et al.), derived from SEAM",,MIT,MIT,yes,yes,yes,no,yes,spdx,open-download,https://huggingface.co/datasets/porestar/seismicfoundationmodel-inversion-seam,yes,5,"THE practical workaround if SEAM licensing is the blocker: a SEAM-DERIVED inversion training set redistributed under MIT on HuggingFace, byte-exact 3,442,236,058 B, one load_dataset() call, no request form. Note the derivation chain - confirm the redistribution right yourself if this is going into a product."
marmousi-1988,"Original Marmousi (1988 acoustic, IFP)",SYNTHETIC,"n/a (synthetic, Cuanza-Basin-inspired)",velocity model,synthetic,depth,,binary grid / SEG-Y,,,,1,,,yes,velocity model,gridded velocity,IFP (Institut Francais du Petrole),,Unclear (long-standing de-facto open academic circulation),,unclear,unclear,unclear,unclear,unclear,unstated,open-download,,no,3,"URL DELIBERATELY BLANK - there is NO single authoritative live host. The original acoustic Marmousi is bundled as a fixture in Devito, PySIT and Madagascar; take it from one of those packages. If you want a confirmed live authoritative download, use the AGL elastic Marmousi2 row instead (S3, 153,722,387 B, HEAD-verified)."
smaart,SMAART Pluto 1.5,SYNTHETIC,n/a (synthetic GOM subsalt),velocity model,synthetic,depth,,SEG-Y,,,,1,,,yes,velocity model; salt,gridded velocity volume,SMAART JV (Subsalt Multiples Attenuation And Reduction Team),,Maintained and licensed by TNO and Delphi,,unclear,unclear,unclear,unclear,unclear,unstated,open-request,,no,1,"HOST IS DEAD - URL DELIBERATELY BLANK. http://www.delphi.tudelft.nl/SMAART/ fails DNS (curl exit 6 / code 000) and https://reproducibility.org/data/sigsbee returns 404; the widely-cited Madagascar data path is stale. Contact TNO/Delphi directly for the raw models. LIVE SUBSTITUTE: the U-T Zenodo records (CC-BY-4.0, byte-exact) - in particular zenodo.org/records/7967050 for Sigsbee2A-derived ML data. Elastic, released Nov 2000. Realistic free-surface AND internal multiples over a relatively easy-to-image structure - the multiple-attenuation testbed."
smaart,SMAART Sigsbee2A,SYNTHETIC,n/a (synthetic GOM subsalt),velocity model,synthetic,depth,,SEG-Y,,,,1,,,yes,velocity model; salt,gridded velocity volume,SMAART JV (Subsalt Multiples Attenuation And Reduction Team),,Maintained and licensed by TNO and Delphi,,unclear,unclear,unclear,unclear,unclear,unstated,open-request,,no,1,"HOST IS DEAD - URL DELIBERATELY BLANK. http://www.delphi.tudelft.nl/SMAART/ fails DNS (curl exit 6 / code 000) and https://reproducibility.org/data/sigsbee returns 404; the widely-cited Madagascar data path is stale. Contact TNO/Delphi directly for the raw models. LIVE SUBSTITUTE: the U-T Zenodo records (CC-BY-4.0, byte-exact) - in particular zenodo.org/records/7967050 for Sigsbee2A-derived ML data. Constant-density acoustic, Sept 2001. NO free-surface multiples and almost no internal multiples (very low water-bottom contrast), over a hard-to-image subsalt structure. The classic subsalt imaging test."
smaart,SMAART Sigsbee2B,SYNTHETIC,n/a (synthetic GOM subsalt),velocity model,synthetic,depth,,SEG-Y,,,,1,,,yes,velocity model; salt,gridded velocity volume,SMAART JV (Subsalt Multiples Attenuation And Reduction Team),,Maintained and licensed by TNO and Delphi,,unclear,unclear,unclear,unclear,unclear,unstated,open-request,,no,1,"HOST IS DEAD - URL DELIBERATELY BLANK. http://www.delphi.tudelft.nl/SMAART/ fails DNS (curl exit 6 / code 000) and https://reproducibility.org/data/sigsbee returns 404; the widely-cited Madagascar data path is stale. Contact TNO/Delphi directly for the raw models. LIVE SUBSTITUTE: the U-T Zenodo records (CC-BY-4.0, byte-exact) - in particular zenodo.org/records/7967050 for Sigsbee2A-derived ML data. Same structural model as Sigsbee2A but with the water-bottom contrast raised to normal, so it DOES carry significant internal and free-surface multiples. The 2A/2B pair is a controlled multiples experiment."
smaart,SMAART Ziggy,SYNTHETIC,n/a (synthetic GOM subsalt),velocity model,synthetic,depth,,SEG-Y,,,,1,,,yes,velocity model; salt,gridded velocity volume,SMAART JV (Subsalt Multiples Attenuation And Reduction Team),,Maintained and licensed by TNO and Delphi,,unclear,unclear,unclear,unclear,unclear,unstated,open-request,,no,1,"HOST IS DEAD - URL DELIBERATELY BLANK. http://www.delphi.tudelft.nl/SMAART/ fails DNS (curl exit 6 / code 000) and https://reproducibility.org/data/sigsbee returns 404; the widely-cited Madagascar data path is stale. Contact TNO/Delphi directly for the raw models. LIVE SUBSTITUTE: the U-T Zenodo records (CC-BY-4.0, byte-exact) - in particular zenodo.org/records/7967050 for Sigsbee2A-derived ML data. The fourth SMAART model. Least documented of the set; no size or description recovered beyond the name."
tgs-salt,TGS Salt Identification Challenge (Kaggle),MULTI,not disclosed,salt labels,post-stack,time,train.zip; test.zip; train.csv; depths.csv,PNG (in ZIP); CSV,,,,1,101 x 101 image patches,,yes,salt,run-length-encoded masks in train.csv + PNG masks,TGS expert interpretation,depths.csv gives per-image depth,Kaggle competition rules - TGS retains rights; NOT an open licence,,no,unclear,unclear,unclear,unclear,unstated,open-registration,https://www.kaggle.com/c/tgs-salt-identification-challenge/data,no,2,"Size UNVERIFIED and deliberately EMPTY: the Kaggle data page requires authentication and competition-rule acceptance, and an unauthenticated fetch returns only the page title. Download via 'kaggle competitions download -c tgs-salt-identification-challenge' after configuring ~/.kaggle/kaggle.json. COMMERCIAL BLOCKER: competition rules govern reuse - for open-licensed salt masks use the SEG/EAGE salt models or the CIG SaltBody.zip instead."
synthoseis,Synthoseis (Shell sede-open) - synthetic seismic generator,SYNTHETIC,n/a (generator),project bundle,synthetic,n/a,source repository,Python package,,,,1,"configurable via cube_shape = [X, Y, Z]",,yes,facies (lithology); fluid content; closure,generated label volumes paired with generated seismic,generated - you own the ground truth,config examples + rock-property model template,MIT,MIT,yes,yes,yes,no,yes,spdx,open-download,https://github.com/sede-open/synthoseis,yes,4,"GENERATOR, NOT DATA - ships no pre-generated dataset, so size_bytes is EMPTY by nature. Generates pseudo-random synthetic 3D volumes WITH lithology, fluid and closure labels. MIT licence means it SIDESTEPS EVERY LICENCE PROBLEM in this table - the strategic answer to OpenFWI's NonCommercial and FaultSeg3D's research-only terms. CORRECTION to widely repeated notes: this is Shell's sede-open org, NOT Equinor - github.com/equinor/synthoseis is 404. Docs: sede-open.github.io/synthoseis/datagenerator.html. Cite: Merrifield et al. (2022), Interpretation 10(3), SE31-SE39."
karstseg3d,KarstSeg3D (Xinming Wu) - karst segmentation code + data,SYNTHETIC,n/a (synthetic),attribute volume,synthetic,n/a,repository + linked volumes,binary volumes,,,,1,,,yes,karst,paired label volumes,Xinming Wu / CIG,,No LICENSE file in the repository,,unclear,unclear,unclear,unclear,unclear,unstated,open-download,https://github.com/xinwucwp/KarstSeg3D,yes,3,"Wu's GitHub karst segmentation project. NO LICENSE FILE - treat commercial use as unresolved. Prefer the CIG cigKast Zenodo record (zenodo.org/records/4285733, 7.81 GB, CC-BY-4.0, byte-exact) which is the same subject with clean terms."
faultsegplus,faultSegPlus (Xinming Wu) - improved FaultSeg,SYNTHETIC,n/a (synthetic),fault labels,synthetic,n/a,repository + linked volumes,binary volumes,,,,1,,,yes,fault,paired fault volumes,Xinming Wu / CIG,,No LICENSE file in the repository,,unclear,unclear,unclear,unclear,unclear,unstated,open-download,https://github.com/xinwucwp/faultSegPlus,yes,3,"An improved version of faultSeg (Wu et al. 2019). No LICENSE file; the parent FaultSeg3D data is research-use-only, so assume the same restriction applies until the authors say otherwise."
osv,"OSV (Optimal Surface Voting, Xinming Wu) - fault interpretation",SYNTHETIC,n/a (synthetic + field examples),fault labels,synthetic,n/a,repository + example volumes,binary volumes,,,,1,,,yes,fault,fault surfaces / probability volumes,Xinming Wu / CIG,,No LICENSE file in the repository,,unclear,unclear,unclear,unclear,unclear,unstated,open-download,https://github.com/xinwucwp/osv,yes,3,Automatic fault interpretation by optimal surface voting - a classical (non-DL) baseline worth benchmarking DL fault models against. Ships example volumes; no LICENSE file.
sfm-facies,SFM downstream - facies,MULTI,various,facies labels,post-stack,n/a,parquet shards,parquet,1158604212,1.16 GB,api,1,,,yes,facies,parquet columns,republished from the source benchmark,,MIT,MIT,yes,yes,yes,no,yes,spdx,open-download,https://huggingface.co/datasets/porestar/seismicfoundationmodel-facies,yes,5,"HuggingFace usedStorage is byte-exact but INCLUDES git history and all revisions, so it is an UPPER BOUND on a single checkout. One load_dataset() call, no account. Part of the Seismic Foundation Model (Sheng et al., arXiv:2309.02791) downstream suite - 13 porestar/* republications, the best-licensed cluster on HuggingFace. 768x768 tiles."
sfm-geobody,SFM downstream - geobody,MULTI,various,attribute volume,post-stack,n/a,parquet shards,parquet,1568192239,1.57 GB,api,1,,,yes,geobody,parquet columns,republished from the source benchmark,,MIT,MIT,yes,yes,yes,no,yes,spdx,open-download,https://huggingface.co/datasets/porestar/seismicfoundationmodel-geobody,yes,5,"HuggingFace usedStorage is byte-exact but INCLUDES git history and all revisions, so it is an UPPER BOUND on a single checkout. One load_dataset() call, no account. Part of the Seismic Foundation Model (Sheng et al., arXiv:2309.02791) downstream suite - 13 porestar/* republications, the best-licensed cluster on HuggingFace. 224x224 tiles."
sfm-denoise-syn,SFM downstream - denoise (synthetic),MULTI,various,attribute volume,synthetic,n/a,parquet shards,parquet,1606324151,1.61 GB,api,1,,,yes,clean/noisy pair,parquet columns,republished from the source benchmark,,MIT,MIT,yes,yes,yes,no,yes,spdx,open-download,https://huggingface.co/datasets/porestar/seismicfoundationmodel-denoise,yes,5,"HuggingFace usedStorage is byte-exact but INCLUDES git history and all revisions, so it is an UPPER BOUND on a single checkout. One load_dataset() call, no account. Part of the Seismic Foundation Model (Sheng et al., arXiv:2309.02791) downstream suite - 13 porestar/* republications, the best-licensed cluster on HuggingFace. 224x224. Synthetic, so the clean target is exact ground truth."
sfm-denoise-field,SFM downstream - denoise (field),MULTI,various,attribute volume,post-stack,n/a,parquet shards,parquet,2007811721,2.01 GB,api,1,,,partial,clean/noisy pair,parquet columns,republished from the source benchmark,,MIT,MIT,yes,yes,yes,no,yes,spdx,open-download,https://huggingface.co/datasets/porestar/seismicfoundationmodel-denoise-field,yes,4,"HuggingFace usedStorage is byte-exact but INCLUDES git history and all revisions, so it is an UPPER BOUND on a single checkout. One load_dataset() call, no account. Part of the Seismic Foundation Model (Sheng et al., arXiv:2309.02791) downstream suite - 13 porestar/* republications, the best-licensed cluster on HuggingFace. Field data, so the 'clean' target is itself a processed estimate, not ground truth."
sfm-interpolation,SFM downstream - interpolation,MULTI,various,attribute volume,post-stack,n/a,parquet shards,parquet,1567507093,1.57 GB,api,1,,,yes,missing-trace mask,parquet columns,republished from the source benchmark,,MIT,MIT,yes,yes,yes,no,yes,spdx,open-download,https://huggingface.co/datasets/porestar/seismicfoundationmodel-interpolation,yes,5,"HuggingFace usedStorage is byte-exact but INCLUDES git history and all revisions, so it is an UPPER BOUND on a single checkout. One load_dataset() call, no account. Part of the Seismic Foundation Model (Sheng et al., arXiv:2309.02791) downstream suite - 13 porestar/* republications, the best-licensed cluster on HuggingFace. 224x224 trace interpolation."
sfm-inversion-syn,SFM downstream - inversion (synthetic),MULTI,various,impedance volume,synthetic,n/a,parquet shards,parquet,1765348880,1.77 GB,api,1,,,yes,impedance; reflectivity,parquet columns,republished from the source benchmark,,MIT,MIT,yes,yes,yes,no,yes,spdx,open-download,https://huggingface.co/datasets/porestar/seismicfoundationmodel-inversion-synthetic,yes,5,"HuggingFace usedStorage is byte-exact but INCLUDES git history and all revisions, so it is an UPPER BOUND on a single checkout. One load_dataset() call, no account. Part of the Seismic Foundation Model (Sheng et al., arXiv:2309.02791) downstream suite - 13 porestar/* republications, the best-licensed cluster on HuggingFace. 224x224 reflectivity/impedance inversion with exact synthetic targets."
sfm-superres,Seismic super-resolution dataset,MULTI,various,attribute volume,post-stack,n/a,parquet shards,parquet,882097027,882.10 MB,api,1,,,yes,high-res/low-res pair,parquet columns,republished from the source benchmark,,MIT,MIT,yes,yes,yes,no,yes,spdx,open-download,https://huggingface.co/datasets/porestar/superresolutiondataset,yes,5,"HuggingFace usedStorage is byte-exact but INCLUDES git history and all revisions, so it is an UPPER BOUND on a single checkout. One load_dataset() call, no account. Part of the Seismic Foundation Model (Sheng et al., arXiv:2309.02791) downstream suite - 13 porestar/* republications, the best-licensed cluster on HuggingFace. Smallest of the suite (0.88 GB) - a good smoke test for the whole porestar pipeline."
cdfm-deepfault,Cross-Domain FM Adaptation - deepfault,MULTI,various,fault labels,post-stack,n/a,parquet shards,parquet,11759469734,11.76 GB,api,1,,,yes,fault,parquet columns,republished from the source benchmark,,CC BY 4.0,CC-BY-4.0,yes,yes,yes,no,yes,spdx,open-download,https://huggingface.co/datasets/porestar/crossdomainfoundationmodeladaption-deepfault,yes,5,"HuggingFace usedStorage is byte-exact but INCLUDES git history and all revisions, so it is an UPPER BOUND on a single checkout. One load_dataset() call, no account. Part of the Cross-Domain Foundation Model Adaptation study (arXiv:2408.12396, Wu/CIG group). Largest of the porestar cluster at 11.76 GB and the best-licensed large FAULT set on HuggingFace - a clean commercial alternative to FaultSeg3D."
cdfm-seismicfacies,Cross-Domain FM Adaptation - seismic facies,MULTI,various,facies labels,post-stack,n/a,parquet shards,parquet,3743056884,3.74 GB,api,1,,,yes,facies,parquet columns,republished from the source benchmark,,CC BY 4.0,CC-BY-4.0,yes,yes,yes,no,yes,spdx,open-download,https://huggingface.co/datasets/porestar/crossdomainfoundationmodeladaption-seismicfacies,yes,5,"HuggingFace usedStorage is byte-exact but INCLUDES git history and all revisions, so it is an UPPER BOUND on a single checkout. One load_dataset() call, no account. Part of the Cross-Domain Foundation Model Adaptation study (arXiv:2408.12396, Wu/CIG group). "
cdfm-crater,Cross-Domain FM Adaptation - crater,GLOBAL,n/a (planetary imagery),attribute volume,non-seismic,n/a,parquet shards,parquet,9090766453,9.09 GB,api,1,,,yes,crater,parquet columns,republished from the source benchmark,,CC BY 4.0,CC-BY-4.0,yes,yes,yes,no,yes,spdx,open-download,https://huggingface.co/datasets/porestar/crossdomainfoundationmodeladaption-crater,yes,3,"HuggingFace usedStorage is byte-exact but INCLUDES git history and all revisions, so it is an UPPER BOUND on a single checkout. One load_dataset() call, no account. Part of the Cross-Domain Foundation Model Adaptation study (arXiv:2408.12396, Wu/CIG group). NOT seismic - PLANETARY imagery, included because the study uses it as the cross-domain source. Do not count it as seismic training data."
cdfm-das,Cross-Domain FM Adaptation - DAS,MULTI,various,DAS,pre-stack,n/a,parquet shards,parquet,301522650,301.52 MB,api,1,,,yes,event/phase,parquet columns,republished from the source benchmark,,CC BY 4.0,CC-BY-4.0,yes,yes,yes,no,yes,spdx,open-download,https://huggingface.co/datasets/porestar/crossdomainfoundationmodeladaption-das,yes,4,"HuggingFace usedStorage is byte-exact but INCLUDES git history and all revisions, so it is an UPPER BOUND on a single checkout. One load_dataset() call, no account. Part of the Cross-Domain Foundation Model Adaptation study (arXiv:2408.12396, Wu/CIG group). Distributed Acoustic Sensing field data - rare as an open, permissively licensed ML set."
cdfm-geobody,Cross-Domain FM Adaptation - geobody,MULTI,various,attribute volume,post-stack,n/a,parquet shards,parquet,323270618,323.27 MB,api,1,,,yes,geobody,parquet columns,republished from the source benchmark,,CC BY 4.0,CC-BY-4.0,yes,yes,yes,no,yes,spdx,open-download,https://huggingface.co/datasets/porestar/crossdomainfoundationmodeladaption-geobody,yes,5,"HuggingFace usedStorage is byte-exact but INCLUDES git history and all revisions, so it is an UPPER BOUND on a single checkout. One load_dataset() call, no account. Part of the Cross-Domain Foundation Model Adaptation study (arXiv:2408.12396, Wu/CIG group). "
adasemseg-facies,AdaSemSeg facies datasets (HuggingFace mirror),MULTI,various,facies labels,post-stack,n/a,parquet shards,parquet,3940475875,3.94 GB,api,1,,,yes,facies,parquet columns,republished from the source benchmark,,CC BY 4.0,CC-BY-4.0,yes,yes,yes,no,yes,spdx,open-download,https://huggingface.co/datasets/Surojit-Utah/adasemseg-seismic-facies-datasets,yes,5,"HuggingFace usedStorage is byte-exact but INCLUDES git history and all revisions, so it is an UPPER BOUND on a single checkout. One load_dataset() call, no account. Mirror of Zenodo record 21764042 (2,553,842,528 B). The HF figure is LARGER (3,940,475,875 B) purely because usedStorage counts git history - the Zenodo record is the authoritative size."
synthetic-seismic-vlm,thirdExec/synthetic-seismic-vlm,SYNTHETIC,n/a (synthetic),attribute volume,synthetic,n/a,parquet shards,parquet,1533654745,1.53 GB,api,1,,,yes,VQA answers; segmentation masks; captions,parquet columns,republished from the source benchmark,,MIT,MIT,yes,yes,yes,no,yes,spdx,open-download,https://huggingface.co/datasets/thirdExec/synthetic-seismic-vlm,yes,4,"HuggingFace usedStorage is byte-exact but INCLUDES git history and all revisions, so it is an UPPER BOUND on a single checkout. One load_dataset() call, no account. Vision-LANGUAGE on seismic: VQA + segmentation + image-to-text. Unusual - the only multimodal/text-paired seismic set found. MIT licensed."
seismic-vmb,sdlj/seismicVMB - velocity model benchmark,SYNTHETIC,n/a (synthetic),velocity model,synthetic,n/a,parquet shards,parquet,12202006093,12.20 GB,api,1,,,yes,velocity model,parquet columns,republished from the source benchmark,,,,unclear,unclear,unclear,unclear,unclear,unstated,open-download,https://huggingface.co/datasets/sdlj/seismicVMB,yes,3,"HuggingFace usedStorage is byte-exact but INCLUDES git history and all revisions, so it is an UPPER BOUND on a single checkout. One load_dataset() call, no account. DOI 10.57967/hf/6553. 619 downloads - the most-downloaded genuinely geophysical set in the HF seismic search. NO LICENCE declared on the API record, hence commercial_ok=unclear."
seismic-ai-data,HeXingChen/Seismic-AI-Data,MULTI,various,project bundle,post-stack,n/a,parquet shards,parquet,2916246352428,2.92 TB,api,1,,,partial,mixed,parquet columns,republished from the source benchmark,,MIT,MIT,yes,yes,yes,no,yes,spdx,open-download,https://huggingface.co/datasets/HeXingChen/Seismic-AI-Data,yes,3,"HuggingFace usedStorage is byte-exact but INCLUDES git history and all revisions, so it is an UPPER BOUND on a single checkout. One load_dataset() call, no account. BY FAR THE LARGEST artefact in this inventory: usedStorage 2,916,246,352,428 B = 2.92 TB, 10,102 downloads. Declared size_categories n>1T. Contents are heterogeneous and thinly documented - treat the 2.92 TB as an upper bound including git history and audit before committing storage."
depth-progressive-vmb,Depth-progressive 3D seismic velocity model building (dataset + trained models),SYNTHETIC,n/a (synthetic),velocity model,synthetic,depth,train.zip; test.zip; trained_model.zip,ZIP,79871303967,79.87 GB,api,3,,,yes,velocity model,paired velocity volumes,"published authors, forward-modelled","trained_model.zip (1,929,171,099 B)",MIT,MIT,yes,yes,yes,no,yes,spdx,open-download,https://zenodo.org/records/21206427,yes,5,"DOI 10.5281/zenodo.21206427 (2026-07-05). train.zip 77,864,838,042 B; test.zip 77,294,826 B. Second-largest MIT-licensed labeled record in this inventory (79.87 GB) - 2D generative diffusion for depth-progressive velocity model building, and it ships trained weights."
unified-forward-inverse,A Unified Framework for Forward and Inverse Problems in Subsurface Imaging,SYNTHETIC,n/a (synthetic),shot gathers (synthetic),synthetic,unmigrated,FlatVel-B.tar.gz; CurveVel-B.tar.gz; FlatFault-B.tar.gz; CurveFault-B.tar.gz; Style-B.tar.gz,tar.gz,31947169754,31.95 GB,api,5,,,yes,velocity model,paired velocity arrays,repackaged from OpenFWI,,CC BY 4.0 (as declared on Zenodo),CC-BY-4.0,unclear,yes,yes,no,yes,spdx,open-download,https://zenodo.org/records/15226367,yes,3,"DOI 10.5281/zenodo.15226367 (2025-04-15). LICENCE CONFLICT WORTH KNOWING: the record is declared CC-BY-4.0 on Zenodo, but the contents are the five OpenFWI '-B' families (FlatVel-B 6,460,452,177 B; CurveVel-B 6,454,011,359 B; FlatFault-B 6,448,878,897 B; CurveFault-B 6,443,743,533 B; Style-B 6,140,083,788 B), and OpenFWI's upstream data licence is CC BY-NC-SA 4.0. A downstream CC-BY relabel cannot remove an upstream NonCommercial term - commercial_ok is 'unclear', NOT 'yes'. Get legal review."
cig-cigfacies,cigFaciesNet - trained facies network for cigFacies,SYNTHETIC,n/a (synthetic),report,synthetic,n/a,huigcig/cigFaciesNet-v1.0.zip,ZIP,46772256,46.77 MB,api,1,,,no,,,,,CC BY 4.0,CC-BY-4.0,yes,yes,yes,no,yes,spdx,open-download,https://zenodo.org/records/13150879,yes,3,"DOI 10.5281/zenodo.13150879 (2024-08-01). Network code/weights for cigFacies. NOT returned by the creators.name:""Wu, Xinming"" query (credited to Hui Gao) - it is the 24th CIG artefact beyond the 23-record collection."
caosiyao-mo,Caosiyao giant porphyry Mo 2D seismic reflection dataset,CN,Caosiyao porphyry Mo deposit,full stack,post-stack,time,Caosiyao - seismic profile 3.zip; Caosiyao - seismic profile 8.zip; Caosiyao - seismic profile 16.zip,SEG-Y (in ZIP),3841368802,3.84 GB,api,3,,,no,,,,,CC BY 4.0,CC-BY-4.0,yes,yes,yes,no,yes,spdx,open-download,https://zenodo.org/records/7322156,yes,4,"DOI 10.5281/zenodo.7322156 (2022-11-17). Per-file bytes: profile 3 = 677,360,596; profile 8 = 1,578,024,318; profile 16 = 1,585,983,888. MINERAL-exploration (hardrock) reflection seismic - a domain almost absent from open seismic ML data, so it is valuable as an out-of-distribution test for models trained on sedimentary basins. Unlabeled."
sfm-pretrain,Seismic Foundation Model (SFM) pretraining corpus,GLOBAL,192 globally collected 3D surveys,attribute volume,post-stack,time,PreTrain 224x224 image set,HDF5/npy,,,,1,"2,286,422 2-D images of 224 x 224",,no,,,"self-supervised (MAE, 75% masking) - no labels by design",,MIT,MIT,yes,yes,yes,no,yes,spdx,open-request,https://github.com/shenghanlin/SeismicFoundationModel,yes,3,"2,286,422 2-D seismic images curated from 192 globally collected 3-D volumes - the largest curated seismic pretraining corpus found, and MIT licensed. Size deliberately EMPTY: hosted on USTC institutional servers and Baidu Netdisk, neither of which exposes a HEAD-able public URL. If you only need the downstream tasks, the 13 porestar/* HuggingFace rows cover them byte-exact without touching Baidu. Paper arXiv:2309.02791 (GEOPHYSICS)."
large-bench-geo,large-bench-geo - unified fault benchmark harness,MULTI,n/a (benchmark harness),report,synthetic,n/a,source repository,Python,,,,1,,,no,,,"links out to FaultSeg3D, CRACKS and Thebe",,see repository,,unclear,unclear,unclear,unclear,unclear,unstated,open-download,https://github.com/olivesgatech/large-bench-geo,yes,3,"CODE ONLY - no data, hence empty size. 200+ experimental setups: 8 architectures (UNet, UNet++, DeepLabV3+, SegFormer, ...) x 3 fault datasets (FaultSeg3D, CRACKS, Thebe) with domain-shift and generalisability analysis. Use it as the evaluation harness rather than writing your own fault baselines. arXiv:2505.08585."
hardpicks,Hardpicks - Brunswick 3D,CA,"Bathurst Mining Camp, New Brunswick",pre-stack gather (shot),pre-stack,unmigrated,Brunswick_orig_1500ms_V2.hdf5.xz,HDF5 (xz),9066402472,9.07 GB,HEAD,1,,,yes,first-break pick,value in HDF5 trace header,expert manual picks (NRCan / Mila release),survey geometry,CC BY 4.0,CC-BY-4.0,yes,yes,yes,no,yes,spdx,open-download,https://d3sakqnghgsk6x.cloudfront.net/Brunswick_3D/Brunswick_orig_1500ms_V2.hdf5.xz,yes,5,"Largest of the four hardpicks surveys. Labelled REAL field data - first-break picks live in the trace headers, not a sidecar. Benchmark defines cross-survey splits so you can measure transfer between acquisition conditions. Geophysics 89(1) WA279 (2023). Code github.com/mila-iqia/hardpicks is Apache-2.0."
hardpicks,Hardpicks - Lalor 3D,CA,"Snow Lake, Manitoba",pre-stack gather (shot),pre-stack,unmigrated,Lalor_raw_z_1500ms_norp_geom_v3.hdf5.xz,HDF5 (xz),6540672216,6.54 GB,HEAD,1,,,yes,first-break pick,value in HDF5 trace header,expert manual picks (NRCan / Mila release),survey geometry,Open Government Licence - Canada,OGL-Canada-2.0,yes,yes,yes,no,yes,licence-text,open-download,https://d3sakqnghgsk6x.cloudfront.net/Lalor_3D/Lalor_raw_z_1500ms_norp_geom_v3.hdf5.xz,yes,5,"Volcanogenic massive-sulphide setting. NOTE the licence differs from Brunswick/Halfmile - Lalor and Sudbury are Open Government Licence Canada, not CC BY 4.0. Same five usage rights either way."
hardpicks,Hardpicks - Sudbury 3D,CA,"Sudbury Basin, Ontario",pre-stack gather (shot),pre-stack,unmigrated,preprocessed_Sudbury3D.hdf.xz,HDF5 (xz),5273637612,5.27 GB,HEAD,1,,,yes,first-break pick,value in HDF5 trace header,expert manual picks (NRCan / Mila release),survey geometry,Open Government Licence - Canada,OGL-Canada-2.0,yes,yes,yes,no,yes,licence-text,open-download,https://d3sakqnghgsk6x.cloudfront.net/Sudbury_3D/preprocessed_Sudbury3D.hdf.xz,yes,5,"Impact-structure setting - structurally the most unusual of the four, and the file name says preprocessed, so it is not raw like the others."
hardpicks,Hardpicks - Halfmile Lake 3D,CA,"Bathurst Mining Camp, New Brunswick",pre-stack gather (shot),pre-stack,unmigrated,Halfmile3D_add_geom_sorted.hdf5.xz,HDF5 (xz),2906566464,2.91 GB,HEAD,1,,,yes,first-break pick,value in HDF5 trace header,expert manual picks (NRCan / Mila release),survey geometry,CC BY 4.0,CC-BY-4.0,yes,yes,yes,no,yes,spdx,open-download,https://d3sakqnghgsk6x.cloudfront.net/Halfmile_3D/Halfmile3D_add_geom_sorted.hdf5.xz,yes,5,Smallest of the four - the cheapest way to smoke-test a first-break picker on real hardrock data before pulling the other 20.9 GB.
quakeflow-das,QuakeFlow DAS - arcata,US,"Ferndale / Cape Mendocino aftershock sequence, California",DAS,passive,,arcata/data/*.h5,HDF5,510299680392,510.30 GB,API (tree),6086,channels x time,,yes,"event metadata (origin time, location, magnitude)",HDF5 file attributes,catalogue association (QuakeFlow / AI4EPS),,MIT,MIT,yes,yes,yes,no,yes,spdx,open-download,https://huggingface.co/datasets/AI4EPS/quakeflow_das,yes,4,"Dec 2022 to Dec 2024. Labels are EVENT-level, not per-channel phase picks - ml_ready 4 not 5 for a picking task. The dataset card says 2,470 event files; the tree actually holds 6,086 files under arcata/. Card also warns some arcata files lack event attributes."
quakeflow-das,QuakeFlow DAS - ridgecrest_north,US,"Ridgecrest, California",DAS,passive,,ridgecrest_north/**/*.h5,HDF5,82915236440,82.92 GB,API (tree),751,channels x time,,yes,"event metadata (origin time, location, magnitude)",HDF5 file attributes,SCEDC catalogue,,MIT,MIT,yes,yes,yes,no,yes,spdx,open-download,https://huggingface.co/datasets/AI4EPS/quakeflow_das,yes,4,751 event files cut from SCEDC - matches the dataset card exactly.
quakeflow-das,QuakeFlow DAS - polarity,US,California,DAS,passive,,polarity/**/*.h5,HDF5,45633215285,45.63 GB,API (tree),674,channels x time,,yes,first-motion polarity,HDF5 attributes,QuakeFlow / AI4EPS,,MIT,MIT,yes,yes,yes,no,yes,spdx,open-download,https://huggingface.co/datasets/AI4EPS/quakeflow_das,yes,5,"UNDOCUMENTED SUBSET - the dataset card names only arcata, monterey_bay and ridgecrest_north. Enumerating the tree API turned up three more top-level subsets, of which this is the most useful: a first-motion POLARITY set, a different labelled task from the rest of the repo. Verify the label semantics against the QuakeFlow source before relying on it, since the card does not describe it."
quakeflow-das,QuakeFlow DAS - eureka,US,"Eureka, northern California",DAS,passive,,eureka/**/*.h5,HDF5,23713880170,23.71 GB,API (tree),147,channels x time,,unclear,,,,,MIT,MIT,yes,yes,yes,no,yes,spdx,open-download,https://huggingface.co/datasets/AI4EPS/quakeflow_das,yes,4,"UNDOCUMENTED SUBSET - not named on the dataset card. Label content unverified, so has_labels is recorded as unclear rather than assumed."
quakeflow-das,QuakeFlow DAS - ridgecrest_south,US,"Ridgecrest, California",DAS,passive,,ridgecrest_south/**/*.h5,HDF5,7245061519,7.25 GB,API (tree),3,channels x time,,unclear,,,,,MIT,MIT,yes,yes,yes,no,yes,spdx,open-download,https://huggingface.co/datasets/AI4EPS/quakeflow_das,yes,4,"UNDOCUMENTED SUBSET - not named on the dataset card. Only 3 files but 7.25 GB, so these are long continuous records rather than event windows."
quakeflow-das,QuakeFlow DAS - monterey_bay (SeaFOAM),US,"Monterey Bay submarine cable, California",DAS,passive,,monterey_bay/**/*.h5,HDF5,4506682752,4.51 GB,API (tree),33,channels x time,,yes,"event metadata (origin time, location, magnitude)",HDF5 file attributes,catalogue association (QuakeFlow / AI4EPS),,MIT,MIT,yes,yes,yes,no,yes,spdx,open-download,https://huggingface.co/datasets/AI4EPS/quakeflow_das,yes,4,"SeaFOAM submarine cable, 52 km offshore - one of very few open SUBMARINE DAS sets with catalogued events attached."
multiseismo,MultiSeismo (PNNL),GLOBAL,global,project bundle,passive,,*.parquet (one per event id),Parquet,106534693427,106.53 GB,API (tree),104,,,yes,event description text; intensity map; population exposure; magnitude/location,JSON fields inside parquet,USGS/ANSS catalogues + generated intensity and exposure products,MISCE instruction set,CC0 1.0,CC0-1.0,yes,yes,no,no,yes,spdx,open-download,https://huggingface.co/datasets/PNNL/MultiSeismo,yes,5,"16,000+ events, 2010-2023. The only catalogued corpus pairing waveforms with IMAGES and TEXT in one schema, so it is the entry point for vision-language / text-conditioned seismic work rather than waveform-only ML. CC0 is unusually permissive at this size. arXiv:2605.26320."
subsurfacegen-field-scale,SubsurfaceGen field-scale (full),SYNTHETIC,"n/a (synthetic, field-scale)",velocity model,synthetic,unmigrated,models/**/*.h5,HDF5,11923346031911,11.92 TB,API (tree) + HEAD spot-check,47084,619 depth samples (SOS-smoothed),,yes,velocity model,paired HDF5 (velocity volume + acoustic wavefield + shot cubes),forward-modelled ground truth,parquet index,CC BY 4.0,CC-BY-4.0,yes,yes,yes,no,yes,spdx,open-download,https://huggingface.co/datasets/subsurfacegen/field-scale-dataset,yes,4,"SIZE CORRECTION - 7.35x larger than the 1.62 TB HuggingFace usedStorage figure carried in this repo's prior-art table. True working tree measured over 48 pages of the tree API with cursor-loop and path-dedup guards: 11,923,346,031,911 B across 47,084 unique paths, 11,923,344,423,924 B of it .h5. Spot-confirmed by HTTP HEAD - models/f3_d619/f3_050_sos.h5 Content-Length 2,939,479,031, exact match. This is the largest open exploration-seismic ML dataset on HuggingFace, ~4x the Seismic-AI-Data SeisBench mirror. ml_ready 4 not 5 purely because 11.92 TB is not a train-today pull - use the preview row for that. Five frequency bands: 3-6, 3-8.5, 3-12, 3-17.5, 3-25 Hz."
subsurfacegen-field-scale,SubsurfaceGen field-scale (preview),SYNTHETIC,"n/a (synthetic, field-scale)",velocity model,synthetic,unmigrated,(preview repo),HDF5,2807379441,2.81 GB,API,,619 depth samples (SOS-smoothed),,yes,velocity model,paired HDF5,forward-modelled ground truth,,CC BY 4.0,CC-BY-4.0,yes,yes,yes,no,yes,spdx,open-download,https://huggingface.co/datasets/subsurfacegen/field-scale-dataset-preview,yes,5,The 2.81 GB evaluation slice of the 11.92 TB full set. Start here.
